Time	Price
03.01.2009	0.01
09.01.2009	0.01
10.01.2009	0.01
11.01.2009	0.01
12.01.2009	0.01
13.01.2009	0.01
14.01.2009	0.01
15.01.2009	0.01
16.01.2009	0.01
17.01.2009	0.01
18.01.2009	0.01
19.01.2009	0.01
20.01.2009	0.01
21.01.2009	0.01
22.01.2009	0.01
23.01.2009	0.01
24.01.2009	0.01
25.01.2009	0.01
26.01.2009	0.01
27.01.2009	0.01
28.01.2009	0.01
29.01.2009	0.01
30.01.2009	0.01
31.01.2009	0.01
01.02.2009	0.01
02.02.2009	0.01
03.02.2009	0.01
04.02.2009	0.01
05.02.2009	0.01
06.02.2009	0.01
07.02.2009	0.01
08.02.2009	0.01
09.02.2009	0.01
10.02.2009	0.01
11.02.2009	0.01
12.02.2009	0.01
13.02.2009	0.01
14.02.2009	0.01
15.02.2009	0.01
16.02.2009	0.01
17.02.2009	0.01
18.02.2009	0.01
19.02.2009	0.01
20.02.2009	0.01
21.02.2009	0.01
22.02.2009	0.01
23.02.2009	0.01
24.02.2009	0.01
25.02.2009	0.01
26.02.2009	0.01
27.02.2009	0.01
28.02.2009	0.01
01.03.2009	0.01
02.03.2009	0.01
03.03.2009	0.01
04.03.2009	0.01
05.03.2009	0.01
06.03.2009	0.01
07.03.2009	0.01
08.03.2009	0.01
09.03.2009	0.01
10.03.2009	0.01
11.03.2009	0.01
12.03.2009	0.01
13.03.2009	0.01
14.03.2009	0.01
15.03.2009	0.01
16.03.2009	0.01
17.03.2009	0.01
18.03.2009	0.01
19.03.2009	0.01
20.03.2009	0.01
21.03.2009	0.01
22.03.2009	0.01
23.03.2009	0.01
24.03.2009	0.01
25.03.2009	0.01
26.03.2009	0.01
27.03.2009	0.01
28.03.2009	0.01
29.03.2009	0.01
30.03.2009	0.01
31.03.2009	0.01
01.04.2009	0.01
02.04.2009	0.01
03.04.2009	0.01
04.04.2009	0.01
05.04.2009	0.01
06.04.2009	0.01
07.04.2009	0.01
08.04.2009	0.01
09.04.2009	0.01
10.04.2009	0.01
11.04.2009	0.01
12.04.2009	0.01
13.04.2009	0.01
14.04.2009	0.01
15.04.2009	0.01
16.04.2009	0.01
17.04.2009	0.01
18.04.2009	0.01
19.04.2009	0.01
20.04.2009	0.01
21.04.2009	0.01
22.04.2009	0.01
23.04.2009	0.01
24.04.2009	0.01
25.04.2009	0.01
26.04.2009	0.01
27.04.2009	0.01
28.04.2009	0.01
29.04.2009	0.01
30.04.2009	0.01
01.05.2009	0.01
02.05.2009	0.01
03.05.2009	0.01
04.05.2009	0.01
05.05.2009	0.01
06.05.2009	0.01
07.05.2009	0.01
08.05.2009	0.01
09.05.2009	0.01
10.05.2009	0.01
11.05.2009	0.01
12.05.2009	0.01
13.05.2009	0.01
14.05.2009	0.01
15.05.2009	0.01
16.05.2009	0.01
17.05.2009	0.01
18.05.2009	0.01
19.05.2009	0.01
20.05.2009	0.01
21.05.2009	0.01
22.05.2009	0.01
23.05.2009	0.01
24.05.2009	0.01
25.05.2009	0.01
26.05.2009	0.01
27.05.2009	0.01
28.05.2009	0.01
29.05.2009	0.01
30.05.2009	0.01
31.05.2009	0.01
01.06.2009	0.01
02.06.2009	0.01
03.06.2009	0.01
04.06.2009	0.01
05.06.2009	0.01
06.06.2009	0.01
07.06.2009	0.01
08.06.2009	0.01
09.06.2009	0.01
10.06.2009	0.01
11.06.2009	0.01
12.06.2009	0.01
13.06.2009	0.01
14.06.2009	0.01
15.06.2009	0.01
16.06.2009	0.01
17.06.2009	0.01
18.06.2009	0.01
19.06.2009	0.01
20.06.2009	0.01
21.06.2009	0.01
22.06.2009	0.01
23.06.2009	0.01
24.06.2009	0.01
25.06.2009	0.01
26.06.2009	0.01
27.06.2009	0.01
28.06.2009	0.01
29.06.2009	0.01
30.06.2009	0.01
01.07.2009	0.01
02.07.2009	0.01
03.07.2009	0.01
04.07.2009	0.01
05.07.2009	0.01
06.07.2009	0.01
07.07.2009	0.01
08.07.2009	0.01
09.07.2009	0.01
10.07.2009	0.01
11.07.2009	0.01
12.07.2009	0.01
13.07.2009	0.01
14.07.2009	0.01
15.07.2009	0.01
16.07.2009	0.01
17.07.2009	0.01
18.07.2009	0.01
19.07.2009	0.01
20.07.2009	0.01
21.07.2009	0.01
22.07.2009	0.01
23.07.2009	0.01
24.07.2009	0.01
25.07.2009	0.01
26.07.2009	0.01
27.07.2009	0.01
28.07.2009	0.01
29.07.2009	0.01
30.07.2009	0.01
31.07.2009	0.01
01.08.2009	0.01
02.08.2009	0.01
03.08.2009	0.01
04.08.2009	0.01
05.08.2009	0.01
06.08.2009	0.01
07.08.2009	0.01
08.08.2009	0.01
09.08.2009	0.01
10.08.2009	0.01
11.08.2009	0.01
12.08.2009	0.01
13.08.2009	0.01
14.08.2009	0.01
15.08.2009	0.01
16.08.2009	0.01
17.08.2009	0.01
18.08.2009	0.01
19.08.2009	0.01
20.08.2009	0.01
21.08.2009	0.01
22.08.2009	0.01
23.08.2009	0.01
24.08.2009	0.01
25.08.2009	0.01
26.08.2009	0.01
27.08.2009	0.01
28.08.2009	0.01
29.08.2009	0.01
30.08.2009	0.01
31.08.2009	0.01
01.09.2009	0.01
02.09.2009	0.01
03.09.2009	0.01
04.09.2009	0.01
05.09.2009	0.01
06.09.2009	0.01
07.09.2009	0.01
08.09.2009	0.01
09.09.2009	0.01
10.09.2009	0.01
11.09.2009	0.01
12.09.2009	0.01
13.09.2009	0.01
14.09.2009	0.01
15.09.2009	0.01
16.09.2009	0.01
17.09.2009	0.01
18.09.2009	0.01
19.09.2009	0.01
20.09.2009	0.01
21.09.2009	0.01
22.09.2009	0.01
23.09.2009	0.01
24.09.2009	0.01
25.09.2009	0.01
26.09.2009	0.01
27.09.2009	0.01
28.09.2009	0.01
29.09.2009	0.01
30.09.2009	0.01
01.10.2009	0.01
02.10.2009	0.01
03.10.2009	0.01
04.10.2009	0.01
05.10.2009	0.01
06.10.2009	0.01
07.10.2009	0.01
08.10.2009	0.01
09.10.2009	0.01
10.10.2009	0.01
11.10.2009	0.01
12.10.2009	0.01
13.10.2009	0.01
14.10.2009	0.01
15.10.2009	0.01
16.10.2009	0.01
17.10.2009	0.01
18.10.2009	0.01
19.10.2009	0.01
20.10.2009	0.01
21.10.2009	0.01
22.10.2009	0.01
23.10.2009	0.01
24.10.2009	0.01
25.10.2009	0.01
26.10.2009	0.01
27.10.2009	0.01
28.10.2009	0.01
29.10.2009	0.01
30.10.2009	0.01
31.10.2009	0.01
01.11.2009	0.01
02.11.2009	0.01
03.11.2009	0.01
04.11.2009	0.01
05.11.2009	0.01
06.11.2009	0.01
07.11.2009	0.01
08.11.2009	0.01
09.11.2009	0.01
10.11.2009	0.01
11.11.2009	0.01
12.11.2009	0.01
13.11.2009	0.01
14.11.2009	0.01
15.11.2009	0.01
16.11.2009	0.01
17.11.2009	0.01
18.11.2009	0.01
19.11.2009	0.01
20.11.2009	0.01
21.11.2009	0.01
22.11.2009	0.01
23.11.2009	0.01
24.11.2009	0.01
25.11.2009	0.01
26.11.2009	0.01
27.11.2009	0.01
28.11.2009	0.01
29.11.2009	0.01
30.11.2009	0.01
01.12.2009	0.01
02.12.2009	0.01
03.12.2009	0.01
04.12.2009	0.01
05.12.2009	0.01
06.12.2009	0.01
07.12.2009	0.01
08.12.2009	0.01
09.12.2009	0.01
10.12.2009	0.01
11.12.2009	0.01
12.12.2009	0.01
13.12.2009	0.01
14.12.2009	0.01
15.12.2009	0.01
16.12.2009	0.01
17.12.2009	0.01
18.12.2009	0.01
19.12.2009	0.01
20.12.2009	0.01
21.12.2009	0.01
22.12.2009	0.01
23.12.2009	0.01
24.12.2009	0.01
25.12.2009	0.01
26.12.2009	0.01
27.12.2009	0.01
28.12.2009	0.01
29.12.2009	0.01
30.12.2009	0.01
31.12.2009	0.01
01.01.2010	0.01
02.01.2010	0.01
03.01.2010	0.01
04.01.2010	0.01
05.01.2010	0.01
06.01.2010	0.01
07.01.2010	0.01
08.01.2010	0.01
09.01.2010	0.01
10.01.2010	0.01
11.01.2010	0.01
12.01.2010	0.01
13.01.2010	0.01
14.01.2010	0.01
15.01.2010	0.01
16.01.2010	0.01
17.01.2010	0.01
18.01.2010	0.01
19.01.2010	0.01
20.01.2010	0.01
21.01.2010	0.01
22.01.2010	0.01
23.01.2010	0.01
24.01.2010	0.01
25.01.2010	0.01
26.01.2010	0.01
27.01.2010	0.01
28.01.2010	0.01
29.01.2010	0.01
30.01.2010	0.01
31.01.2010	0.01
01.02.2010	0.01
02.02.2010	0.01
03.02.2010	0.01
04.02.2010	0.01
05.02.2010	0.01
06.02.2010	0.01
07.02.2010	0.01
08.02.2010	0.01
09.02.2010	0.01
10.02.2010	0.01
11.02.2010	0.01
12.02.2010	0.01
13.02.2010	0.01
14.02.2010	0.01
15.02.2010	0.01
16.02.2010	0.01
17.02.2010	0.01
18.02.2010	0.01
19.02.2010	0.01
20.02.2010	0.01
21.02.2010	0.01
22.02.2010	0.01
23.02.2010	0.01
24.02.2010	0.01
25.02.2010	0.01
26.02.2010	0.01
27.02.2010	0.01
28.02.2010	0.01
01.03.2010	0.01
02.03.2010	0.01
03.03.2010	0.01
04.03.2010	0.01
05.03.2010	0.01
06.03.2010	0.01
07.03.2010	0.01
08.03.2010	0.01
09.03.2010	0.01
10.03.2010	0.01
11.03.2010	0.01
12.03.2010	0.01
13.03.2010	0.01
14.03.2010	0.01
15.03.2010	0.01
16.03.2010	0.01
17.03.2010	0.01
18.03.2010	0.01
19.03.2010	0.01
20.03.2010	0.01
21.03.2010	0.01
22.03.2010	0.01
23.03.2010	0.01
24.03.2010	0.01
25.03.2010	0.01
26.03.2010	0.01
27.03.2010	0.01
28.03.2010	0.01
29.03.2010	0.01
30.03.2010	0.01
31.03.2010	0.01
01.04.2010	0.01
02.04.2010	0.01
03.04.2010	0.01
04.04.2010	0.01
05.04.2010	0.01
06.04.2010	0.01
07.04.2010	0.01
08.04.2010	0.01
09.04.2010	0.01
10.04.2010	0.01
11.04.2010	0.01
12.04.2010	0.01
13.04.2010	0.01
14.04.2010	0.01
15.04.2010	0.01
16.04.2010	0.01
17.04.2010	0.01
18.04.2010	0.01
19.04.2010	0.01
20.04.2010	0.01
21.04.2010	0.01
22.04.2010	0.01
23.04.2010	0.01
24.04.2010	0.01
25.04.2010	0.01
26.04.2010	0.01
27.04.2010	0.01
28.04.2010	0.01
29.04.2010	0.01
30.04.2010	0.01
01.05.2010	0.01
02.05.2010	0.01
03.05.2010	0.01
04.05.2010	0.01
05.05.2010	0.01
06.05.2010	0.01
07.05.2010	0.01
08.05.2010	0.01
09.05.2010	0.01
10.05.2010	0.01
11.05.2010	0.01
12.05.2010	0.01
13.05.2010	0.01
14.05.2010	0.01
15.05.2010	0.01
16.05.2010	0.01
17.05.2010	0.01
18.05.2010	0.01
19.05.2010	0.01
20.05.2010	0.01
21.05.2010	0.01
22.05.2010	0.01
23.05.2010	0.01
24.05.2010	0.01
25.05.2010	0.01
26.05.2010	0.01
27.05.2010	0.01
28.05.2010	0.01
29.05.2010	0.01
30.05.2010	0.01
31.05.2010	0.01
01.06.2010	0.01
02.06.2010	0.01
03.06.2010	0.01
04.06.2010	0.01
05.06.2010	0.01
06.06.2010	0.01
07.06.2010	0.01
08.06.2010	0.01
09.06.2010	0.01
10.06.2010	0.01
11.06.2010	0.01
12.06.2010	0.01
13.06.2010	0.01
14.06.2010	0.01
15.06.2010	0.01
16.06.2010	0.01
17.06.2010	0.01
18.06.2010	0.01
19.06.2010	0.01
20.06.2010	0.01
21.06.2010	0.01
22.06.2010	0.01
23.06.2010	0.01
24.06.2010	0.01
25.06.2010	0.01
26.06.2010	0.01
27.06.2010	0.01
28.06.2010	0.01
29.06.2010	0.01
30.06.2010	0.01
01.07.2010	0.01
02.07.2010	0.01
03.07.2010	0.01
04.07.2010	0.01
05.07.2010	0.01
06.07.2010	0.01
07.07.2010	0.01
08.07.2010	0.01
09.07.2010	0.01
10.07.2010	0.01
11.07.2010	0.01
12.07.2010	0.01
13.07.2010	0.01
14.07.2010	0.01
15.07.2010	0.01
16.07.2010	0.01
17.07.2010	0.01
18.07.2010	0.05
19.07.2010	0.07
20.07.2010	0.09
21.07.2010	0.08
22.07.2010	0.07
23.07.2010	0.06
24.07.2010	0.06
25.07.2010	0.05
26.07.2010	0.05
27.07.2010	0.05
28.07.2010	0.06
29.07.2010	0.06
30.07.2010	0.07
31.07.2010	0.07
01.08.2010	0.06
02.08.2010	0.06
03.08.2010	0.06
04.08.2010	0.06
05.08.2010	0.06
06.08.2010	0.06
07.08.2010	0.06
08.08.2010	0.06
09.08.2010	0.06
10.08.2010	0.07
11.08.2010	0.07
12.08.2010	0.07
13.08.2010	0.07
14.08.2010	0.07
15.08.2010	0.07
16.08.2010	0.07
17.08.2010	0.06
18.08.2010	0.07
19.08.2010	0.07
20.08.2010	0.07
21.08.2010	0.07
22.08.2010	0.07
23.08.2010	0.06
24.08.2010	0.07
25.08.2010	0.07
26.08.2010	0.07
27.08.2010	0.07
28.08.2010	0.06
29.08.2010	0.06
30.08.2010	0.06
31.08.2010	0.06
01.09.2010	0.06
02.09.2010	0.06
03.09.2010	0.06
04.09.2010	0.06
05.09.2010	0.06
06.09.2010	0.06
07.09.2010	0.06
08.09.2010	0.06
09.09.2010	0.06
10.09.2010	0.06
11.09.2010	0.06
12.09.2010	0.06
13.09.2010	0.06
14.09.2010	0.06
15.09.2010	0.06
16.09.2010	0.06
17.09.2010	0.06
18.09.2010	0.06
19.09.2010	0.06
20.09.2010	0.06
21.09.2010	0.06
22.09.2010	0.06
23.09.2010	0.06
24.09.2010	0.06
25.09.2010	0.06
26.09.2010	0.06
27.09.2010	0.06
28.09.2010	0.06
29.09.2010	0.06
30.09.2010	0.06
01.10.2010	0.06
02.10.2010	0.06
03.10.2010	0.06
04.10.2010	0.06
05.10.2010	0.06
06.10.2010	0.06
07.10.2010	0.06
08.10.2010	0.06
09.10.2010	0.08
10.10.2010	0.09
11.10.2010	0.1
12.10.2010	0.1
13.10.2010	0.09
14.10.2010	0.1
15.10.2010	0.1
16.10.2010	0.1
17.10.2010	0.1
18.10.2010	0.1
19.10.2010	0.1
20.10.2010	0.1
21.10.2010	0.1
22.10.2010	0.1
23.10.2010	0.11
24.10.2010	0.11
25.10.2010	0.11
26.10.2010	0.15
27.10.2010	0.16
28.10.2010	0.18
29.10.2010	0.19
30.10.2010	0.19
31.10.2010	0.19
01.11.2010	0.19
02.11.2010	0.19
03.11.2010	0.19
04.11.2010	0.19
05.11.2010	0.21
06.11.2010	0.24
07.11.2010	0.29
08.11.2010	0.36
09.11.2010	0.32
10.11.2010	0.27
11.11.2010	0.2
12.11.2010	0.22
13.11.2010	0.26
14.11.2010	0.29
15.11.2010	0.28
16.11.2010	0.27
17.11.2010	0.25
18.11.2010	0.26
19.11.2010	0.27
20.11.2010	0.27
21.11.2010	0.28
22.11.2010	0.28
23.11.2010	0.28
24.11.2010	0.28
25.11.2010	0.28
26.11.2010	0.28
27.11.2010	0.28
28.11.2010	0.28
29.11.2010	0.28
30.11.2010	0.25
01.12.2010	0.21
02.12.2010	0.21
03.12.2010	0.24
04.12.2010	0.25
05.12.2010	0.23
06.12.2010	0.21
07.12.2010	0.2
08.12.2010	0.22
09.12.2010	0.23
10.12.2010	0.21
11.12.2010	0.19
12.12.2010	0.22
13.12.2010	0.21
14.12.2010	0.22
15.12.2010	0.23
16.12.2010	0.24
17.12.2010	0.25
18.12.2010	0.25
19.12.2010	0.25
20.12.2010	0.24
21.12.2010	0.26
22.12.2010	0.25
23.12.2010	0.25
24.12.2010	0.25
25.12.2010	0.25
26.12.2010	0.25
27.12.2010	0.25
28.12.2010	0.26
29.12.2010	0.27
30.12.2010	0.29
31.12.2010	0.3
01.01.2011	0.29
02.01.2011	0.3
03.01.2011	0.3
04.01.2011	0.3
05.01.2011	0.29
06.01.2011	0.3
07.01.2011	0.3
08.01.2011	0.31
09.01.2011	0.31
10.01.2011	0.32
11.01.2011	0.32
12.01.2011	0.32
13.01.2011	0.34
14.01.2011	0.36
15.01.2011	0.39
16.01.2011	0.39
17.01.2011	0.39
18.01.2011	0.35
19.01.2011	0.32
20.01.2011	0.31
21.01.2011	0.35
22.01.2011	0.4
23.01.2011	0.43
24.01.2011	0.44
25.01.2011	0.41
26.01.2011	0.42
27.01.2011	0.41
28.01.2011	0.44
29.01.2011	0.43
30.01.2011	0.44
31.01.2011	0.46
01.02.2011	0.51
02.02.2011	0.74
03.02.2011	0.73
04.02.2011	0.71
05.02.2011	0.8
06.02.2011	0.86
07.02.2011	0.87
08.02.2011	0.86
09.02.2011	0.9
10.02.2011	0.96
11.02.2011	0.96
12.02.2011	0.99
13.02.2011	1.06
14.02.2011	1.05
15.02.2011	1.06
16.02.2011	1.05
17.02.2011	1.04
18.02.2011	1.04
19.02.2011	0.89
20.02.2011	0.91
21.02.2011	0.85
22.02.2011	0.84
23.02.2011	0.88
24.02.2011	0.9
25.02.2011	0.95
26.02.2011	0.96
27.02.2011	0.94
28.02.2011	0.93
01.03.2011	0.88
02.03.2011	0.95
03.03.2011	0.92
04.03.2011	0.92
05.03.2011	0.91
06.03.2011	0.88
07.03.2011	0.85
08.03.2011	0.89
09.03.2011	0.87
10.03.2011	0.85
11.03.2011	0.89
12.03.2011	0.89
13.03.2011	0.9
14.03.2011	0.9
15.03.2011	0.89
16.03.2011	0.88
17.03.2011	0.85
18.03.2011	0.84
19.03.2011	0.77
20.03.2011	0.76
21.03.2011	0.77
22.03.2011	0.75
23.03.2011	0.78
24.03.2011	0.83
25.03.2011	0.88
26.03.2011	0.88
27.03.2011	0.87
28.03.2011	0.83
29.03.2011	0.81
30.03.2011	0.79
31.03.2011	0.79
01.04.2011	0.79
02.04.2011	0.78
03.04.2011	0.79
04.04.2011	0.78
05.04.2011	0.69
06.04.2011	0.67
07.04.2011	0.72
08.04.2011	0.75
09.04.2011	0.76
10.04.2011	0.74
11.04.2011	0.74
12.04.2011	0.77
13.04.2011	0.85
14.04.2011	0.93
15.04.2011	0.95
16.04.2011	1
17.04.2011	1.04
18.04.2011	1.08
19.04.2011	1.15
20.04.2011	1.18
21.04.2011	1.16
22.04.2011	1.18
23.04.2011	1.29
24.04.2011	1.55
25.04.2011	1.67
26.04.2011	1.58
27.04.2011	1.67
28.04.2011	1.89
29.04.2011	2.03
30.04.2011	2.59
01.05.2011	3.29
02.05.2011	3.14
03.05.2011	3.24
04.05.2011	3.32
05.05.2011	3.44
06.05.2011	3.41
07.05.2011	3.48
08.05.2011	3.61
09.05.2011	3.77
10.05.2011	3.8
11.05.2011	4.74
12.05.2011	5.35
13.05.2011	5.83
14.05.2011	7.48
15.05.2011	7.86
16.05.2011	6.74
17.05.2011	7.77
18.05.2011	7.52
19.05.2011	7.14
20.05.2011	6.96
21.05.2011	6.28
22.05.2011	5.97
23.05.2011	6.47
24.05.2011	7.1
25.05.2011	7.23
26.05.2011	7.98
27.05.2011	8.55
28.05.2011	8.67
29.05.2011	8.45
30.05.2011	8.3
31.05.2011	8.72
01.06.2011	8.88
02.06.2011	9.21
03.06.2011	10.11
04.06.2011	13.08
05.06.2011	16.41
06.06.2011	17.32
07.06.2011	18.46
08.06.2011	19.9
09.06.2011	27.25
10.06.2011	29.58
11.06.2011	24.67
12.06.2011	17.61
13.06.2011	16.21
14.06.2011	20.11
15.06.2011	19.25
16.06.2011	19.68
17.06.2011	18.86
18.06.2011	15.51
19.06.2011	16.04
20.06.2011	17.77
21.06.2011	0.01
22.06.2011	0.01
23.06.2011	0.01
24.06.2011	0.01
25.06.2011	0.01
26.06.2011	0.01
27.06.2011	15.59
28.06.2011	17.01
29.06.2011	16.93
30.06.2011	16.88
01.07.2011	16.51
02.07.2011	15.9
03.07.2011	15.53
04.07.2011	15.48
05.07.2011	14.48
06.07.2011	12.8
07.07.2011	14.8
08.07.2011	15.16
09.07.2011	14.35
10.07.2011	14.39
11.07.2011	15.08
12.07.2011	14.37
13.07.2011	14.15
14.07.2011	14.03
15.07.2011	13.93
16.07.2011	13.9
17.07.2011	13.62
18.07.2011	13.34
19.07.2011	13.03
20.07.2011	14.04
21.07.2011	13.69
22.07.2011	13.66
23.07.2011	13.65
24.07.2011	13.64
25.07.2011	13.86
26.07.2011	14.2
27.07.2011	13.91
28.07.2011	13.96
29.07.2011	13.61
30.07.2011	13.51
31.07.2011	13.53
01.08.2011	13.52
02.08.2011	13.17
03.08.2011	12.39
04.08.2011	10.45
05.08.2011	10.58
06.08.2011	10.27
07.08.2011	7.82
08.08.2011	7.72
09.08.2011	7.74
10.08.2011	9.72
11.08.2011	10
12.08.2011	9.47
13.08.2011	9.32
14.08.2011	9.8
15.08.2011	10.61
16.08.2011	11.3
17.08.2011	11.05
18.08.2011	10.88
19.08.2011	10.9
20.08.2011	11.4
21.08.2011	11.49
22.08.2011	11.38
23.08.2011	11.03
24.08.2011	11.03
25.08.2011	10.94
26.08.2011	10.01
27.08.2011	8.65
28.08.2011	8.63
29.08.2011	8.97
30.08.2011	8.93
31.08.2011	8.78
01.09.2011	8.35
02.09.2011	8.22
03.09.2011	8.44
04.09.2011	8.53
05.09.2011	8.17
06.09.2011	7.62
07.09.2011	6.73
08.09.2011	7.03
09.09.2011	6.8
10.09.2011	5.31
11.09.2011	5.03
12.09.2011	6.06
13.09.2011	6.04
14.09.2011	5.79
15.09.2011	5.55
16.09.2011	4.97
17.09.2011	4.81
18.09.2011	4.77
19.09.2011	5.11
20.09.2011	5.26
21.09.2011	6.1
22.09.2011	5.62
23.09.2011	5.49
24.09.2011	5.59
25.09.2011	5.41
26.09.2011	5.32
27.09.2011	4.95
28.09.2011	4.84
29.09.2011	4.74
30.09.2011	4.7
01.10.2011	5.01
02.10.2011	5.05
03.10.2011	4.98
04.10.2011	4.94
05.10.2011	4.9
06.10.2011	4.86
07.10.2011	4.68
08.10.2011	4.29
09.10.2011	4.03
10.10.2011	4.19
11.10.2011	4.1
12.10.2011	3.95
13.10.2011	4.07
14.10.2011	4.08
15.10.2011	4
16.10.2011	3.89
17.10.2011	3.64
18.10.2011	2.85
19.10.2011	2.62
20.10.2011	2.28
21.10.2011	2.31
22.10.2011	2.54
23.10.2011	3.01
24.10.2011	3.08
25.10.2011	2.81
26.10.2011	2.74
27.10.2011	2.75
28.10.2011	2.92
29.10.2011	3.11
30.10.2011	3.54
31.10.2011	3.38
01.11.2011	3.19
02.11.2011	3.19
03.11.2011	3.23
04.11.2011	3.21
05.11.2011	3.13
06.11.2011	3.01
07.11.2011	2.96
08.11.2011	3
09.11.2011	3.09
10.11.2011	3
11.11.2011	2.87
12.11.2011	2.97
13.11.2011	3.06
14.11.2011	3
15.11.2011	2.51
16.11.2011	2.3
17.11.2011	2.46
18.11.2011	2.23
19.11.2011	2.14
20.11.2011	2.17
21.11.2011	2.28
22.11.2011	2.23
23.11.2011	2.31
24.11.2011	2.32
25.11.2011	2.42
26.11.2011	2.47
27.11.2011	2.48
28.11.2011	2.46
29.11.2011	2.51
30.11.2011	2.79
01.12.2011	2.91
02.12.2011	3.05
03.12.2011	3.1
04.12.2011	2.93
05.12.2011	2.75
06.12.2011	2.87
07.12.2011	2.98
08.12.2011	3
09.12.2011	2.95
10.12.2011	2.99
11.12.2011	3.04
12.12.2011	3.2
13.12.2011	3.18
14.12.2011	3.21
15.12.2011	3.12
16.12.2011	3.17
17.12.2011	3.18
18.12.2011	3.19
19.12.2011	3.2
20.12.2011	3.41
21.12.2011	3.97
22.12.2011	3.93
23.12.2011	3.79
24.12.2011	3.9
25.12.2011	3.92
26.12.2011	4.14
27.12.2011	4.04
28.12.2011	4.02
29.12.2011	4.14
30.12.2011	4.22
31.12.2011	4.19
01.01.2012	4.6
02.01.2012	5.1
03.01.2012	5.21
04.01.2012	4.95
05.01.2012	5.25
06.01.2012	6.2
07.01.2012	6.79
08.01.2012	6.72
09.01.2012	7.03
10.01.2012	6.47
11.01.2012	6.4
12.01.2012	6.81
13.01.2012	6.74
14.01.2012	6.61
15.01.2012	6.59
16.01.2012	6.9
17.01.2012	6.83
18.01.2012	6.04
19.01.2012	5.98
20.01.2012	6.18
21.01.2012	6.44
22.01.2012	6.29
23.01.2012	6.29
24.01.2012	6.29
25.01.2012	6.3
26.01.2012	5.88
27.01.2012	5.59
28.01.2012	5.29
29.01.2012	5.57
30.01.2012	5.48
31.01.2012	5.51
01.02.2012	5.53
02.02.2012	5.82
03.02.2012	6.03
04.02.2012	5.92
05.02.2012	5.92
06.02.2012	5.68
07.02.2012	5.55
08.02.2012	5.62
09.02.2012	5.64
10.02.2012	5.75
11.02.2012	5.87
12.02.2012	5.7
13.02.2012	5.6
14.02.2012	5.34
15.02.2012	4.7
16.02.2012	4.58
17.02.2012	4.19
18.02.2012	4.46
19.02.2012	4.27
20.02.2012	4.35
21.02.2012	4.37
22.02.2012	4.31
23.02.2012	4.44
24.02.2012	4.82
25.02.2012	4.97
26.02.2012	4.88
27.02.2012	4.95
28.02.2012	4.93
29.02.2012	4.87
01.03.2012	4.82
02.03.2012	4.92
03.03.2012	4.69
04.03.2012	4.67
05.03.2012	4.8
06.03.2012	4.93
07.03.2012	4.97
08.03.2012	4.92
09.03.2012	4.87
10.03.2012	4.89
11.03.2012	4.8
12.03.2012	4.89
13.03.2012	4.87
14.03.2012	5.15
15.03.2012	5.35
16.03.2012	5.3
17.03.2012	5.33
18.03.2012	5.31
19.03.2012	5.22
20.03.2012	4.88
21.03.2012	4.79
22.03.2012	4.81
23.03.2012	4.75
24.03.2012	4.69
25.03.2012	4.65
26.03.2012	4.5
27.03.2012	4.64
28.03.2012	4.66
29.03.2012	4.79
30.03.2012	4.73
31.03.2012	4.77
01.04.2012	4.88
02.04.2012	4.78
03.04.2012	4.92
04.04.2012	4.9
05.04.2012	4.91
06.04.2012	4.9
07.04.2012	4.93
08.04.2012	4.8
09.04.2012	4.71
10.04.2012	4.75
11.04.2012	4.8
12.04.2012	4.88
13.04.2012	4.86
14.04.2012	4.85
15.04.2012	4.97
16.04.2012	4.92
17.04.2012	4.91
18.04.2012	4.95
19.04.2012	5.07
20.04.2012	5.13
21.04.2012	5.22
22.04.2012	5.27
23.04.2012	5.18
24.04.2012	5.12
25.04.2012	5.06
26.04.2012	5.12
27.04.2012	5.07
28.04.2012	5.07
29.04.2012	4.96
30.04.2012	4.94
01.05.2012	4.94
02.05.2012	4.96
03.05.2012	5.07
04.05.2012	5.08
05.05.2012	5.11
06.05.2012	5.04
07.05.2012	5.04
08.05.2012	5.03
09.05.2012	5.02
10.05.2012	5.04
11.05.2012	4.95
12.05.2012	4.92
13.05.2012	4.94
14.05.2012	4.95
15.05.2012	4.98
16.05.2012	4.99
17.05.2012	5.06
18.05.2012	5.07
19.05.2012	5.09
20.05.2012	5.09
21.05.2012	5.1
22.05.2012	5.07
23.05.2012	5.07
24.05.2012	5.12
25.05.2012	5.11
26.05.2012	5.1
27.05.2012	5.09
28.05.2012	5.08
29.05.2012	5.11
30.05.2012	5.1
31.05.2012	5.13
01.06.2012	5.15
02.06.2012	5.23
03.06.2012	5.21
04.06.2012	5.19
05.06.2012	5.23
06.06.2012	5.38
07.06.2012	5.43
08.06.2012	5.49
09.06.2012	5.61
10.06.2012	5.57
11.06.2012	5.46
12.06.2012	5.49
13.06.2012	5.62
14.06.2012	5.85
15.06.2012	5.88
16.06.2012	6.1
17.06.2012	6.45
18.06.2012	6.31
19.06.2012	6.26
20.06.2012	6.43
21.06.2012	6.6
22.06.2012	6.68
23.06.2012	6.58
24.06.2012	6.48
25.06.2012	6.38
26.06.2012	6.3
27.06.2012	6.38
28.06.2012	6.52
29.06.2012	6.56
30.06.2012	6.59
01.07.2012	6.64
02.07.2012	6.6
03.07.2012	6.68
04.07.2012	6.55
05.07.2012	6.5
06.07.2012	6.64
07.07.2012	6.63
08.07.2012	6.76
09.07.2012	6.77
10.07.2012	6.86
11.07.2012	7.09
12.07.2012	7.1
13.07.2012	7.28
14.07.2012	7.63
15.07.2012	7.59
16.07.2012	7.57
17.07.2012	8.05
18.07.2012	8.33
19.07.2012	9
20.07.2012	9.08
21.07.2012	8.2
22.07.2012	8.87
23.07.2012	8.61
24.07.2012	8.46
25.07.2012	8.61
26.07.2012	8.58
27.07.2012	8.75
28.07.2012	8.88
29.07.2012	8.85
30.07.2012	8.76
31.07.2012	8.92
01.08.2012	9.24
02.08.2012	9.4
03.08.2012	10.1
04.08.2012	10.71
05.08.2012	10.99
06.08.2012	10.6
07.08.2012	10.87
08.08.2012	10.81
09.08.2012	11.01
10.08.2012	11.32
11.08.2012	11.37
12.08.2012	11.49
13.08.2012	11.62
14.08.2012	11.75
15.08.2012	12.08
16.08.2012	12.6
17.08.2012	13.22
18.08.2012	13.31
19.08.2012	11.86
20.08.2012	9.09
21.08.2012	9.51
22.08.2012	10.03
23.08.2012	9.91
24.08.2012	10
25.08.2012	10.26
26.08.2012	10.44
27.08.2012	10.55
28.08.2012	11.18
29.08.2012	10.89
30.08.2012	10.84
31.08.2012	10.75
01.09.2012	10.19
02.09.2012	9.99
03.09.2012	10.04
04.09.2012	10.34
05.09.2012	10.3
06.09.2012	10.73
07.09.2012	10.94
08.09.2012	11.1
09.09.2012	10.97
10.09.2012	11.03
11.09.2012	11.03
12.09.2012	11.08
13.09.2012	11.19
14.09.2012	11.33
15.09.2012	11.56
16.09.2012	11.69
17.09.2012	11.86
18.09.2012	11.86
19.09.2012	12.03
20.09.2012	12.39
21.09.2012	12.47
22.09.2012	12.26
23.09.2012	12.2
24.09.2012	11.99
25.09.2012	12.06
26.09.2012	12.06
27.09.2012	12.19
28.09.2012	12.27
29.09.2012	12.3
30.09.2012	12.36
01.10.2012	12.35
02.10.2012	12.28
03.10.2012	12.56
04.10.2012	12.75
05.10.2012	12.84
06.10.2012	12.68
07.10.2012	12.56
08.10.2012	12.01
09.10.2012	11.25
10.10.2012	11.97
11.10.2012	12.01
12.10.2012	12
13.10.2012	12.03
14.10.2012	11.88
15.10.2012	11.82
16.10.2012	11.68
17.10.2012	11.78
18.10.2012	11.83
19.10.2012	11.85
20.10.2012	11.73
21.10.2012	11.69
22.10.2012	11.61
23.10.2012	11.65
24.10.2012	11.69
25.10.2012	11.62
26.10.2012	11.02
27.10.2012	10.28
28.10.2012	10.35
29.10.2012	10.53
30.10.2012	10.61
31.10.2012	10.7
01.11.2012	10.99
02.11.2012	10.92
03.11.2012	10.54
04.11.2012	10.48
05.11.2012	10.55
06.11.2012	10.63
07.11.2012	10.76
08.11.2012	10.92
09.11.2012	10.85
10.11.2012	10.81
11.11.2012	10.83
12.11.2012	10.72
13.11.2012	10.93
14.11.2012	10.95
15.11.2012	10.93
16.11.2012	11.04
17.11.2012	11.44
18.11.2012	11.64
19.11.2012	11.68
20.11.2012	11.67
21.11.2012	11.68
22.11.2012	11.69
23.11.2012	12.03
24.11.2012	12.25
25.11.2012	12.34
26.11.2012	12.46
27.11.2012	12.34
28.11.2012	12.07
29.11.2012	12.25
30.11.2012	12.39
01.12.2012	12.51
02.12.2012	12.53
03.12.2012	12.51
04.12.2012	12.52
05.12.2012	12.98
06.12.2012	13.25
07.12.2012	13.37
08.12.2012	13.32
09.12.2012	13.43
10.12.2012	13.22
11.12.2012	13.36
12.12.2012	13.47
13.12.2012	13.57
14.12.2012	13.62
15.12.2012	13.57
16.12.2012	13.51
17.12.2012	13.35
18.12.2012	13.18
19.12.2012	13.2
20.12.2012	13.34
21.12.2012	13.45
22.12.2012	13.45
23.12.2012	13.36
24.12.2012	13.21
25.12.2012	13.34
26.12.2012	13.29
27.12.2012	13.3
28.12.2012	13.32
29.12.2012	13.38
30.12.2012	13.47
31.12.2012	13.41
01.01.2013	13.44
02.01.2013	13.31
03.01.2013	13.29
04.01.2013	13.32
05.01.2013	13.38
06.01.2013	13.38
07.01.2013	13.42
08.01.2013	13.44
09.01.2013	13.66
10.01.2013	13.69
11.01.2013	14.02
12.01.2013	14.1
13.01.2013	14.15
14.01.2013	14.09
15.01.2013	14.19
16.01.2013	14.19
17.01.2013	14.49
18.01.2013	15.14
19.01.2013	15.64
20.01.2013	15.45
21.01.2013	15.67
22.01.2013	16.35
23.01.2013	17.13
24.01.2013	17.2
25.01.2013	17.77
26.01.2013	16.69
27.01.2013	17.13
28.01.2013	17.57
29.01.2013	18.29
30.01.2013	19.14
31.01.2013	19.43
01.02.2013	20.53
02.02.2013	20.7
03.02.2013	19.48
04.02.2013	20.22
05.02.2013	20.41
06.02.2013	20.53
07.02.2013	21.04
08.02.2013	21.55
09.02.2013	22.4
10.02.2013	23.19
11.02.2013	23.41
12.02.2013	24.04
13.02.2013	25.06
14.02.2013	25.47
15.02.2013	25.41
16.02.2013	26.95
17.02.2013	27.07
18.02.2013	26.38
19.02.2013	26.73
20.02.2013	28.18
21.02.2013	29.47
22.02.2013	29.68
23.02.2013	30.44
24.02.2013	28.97
25.02.2013	29.75
26.02.2013	30.04
27.02.2013	30.95
28.02.2013	31.08
01.03.2013	32.67
02.03.2013	34.19
03.03.2013	33.86
04.03.2013	34.01
05.03.2013	35.29
06.03.2013	39.28
07.03.2013	45.18
08.03.2013	40.87
09.03.2013	43.08
10.03.2013	45.28
11.03.2013	46.69
12.03.2013	47.41
13.03.2013	43.65
14.03.2013	46.16
15.03.2013	47.08
16.03.2013	46.68
17.03.2013	46.52
18.03.2013	46.85
19.03.2013	48.63
20.03.2013	55.13
21.03.2013	61.85
22.03.2013	68.89
23.03.2013	70.45
24.03.2013	62.5
25.03.2013	68.62
26.03.2013	74.02
27.03.2013	77.23
28.03.2013	84.86
29.03.2013	87.49
30.03.2013	88.81
31.03.2013	91.55
01.04.2013	92.59
02.04.2013	99.53
03.04.2013	107.26
04.04.2013	127.86
05.04.2013	131.07
06.04.2013	138.43
07.04.2013	140.64
08.04.2013	152.79
09.04.2013	180.39
10.04.2013	213.72
11.04.2013	181.66
12.04.2013	131.95
13.04.2013	84.59
14.04.2013	108.55
15.04.2013	97.19
16.04.2013	86.91
17.04.2013	65.39
18.04.2013	84.85
19.04.2013	96.78
20.04.2013	118.46
21.04.2013	122.9
22.04.2013	119.29
23.04.2013	121.95
24.04.2013	132.85
25.04.2013	150.41
26.04.2013	142.61
27.04.2013	131.75
28.04.2013	130.5
29.04.2013	132.3
30.04.2013	141.03
01.05.2013	138.98
02.05.2013	120.87
03.05.2013	106.65
04.05.2013	91.35
05.05.2013	106.64
06.05.2013	113.48
07.05.2013	117.03
08.05.2013	106.63
09.05.2013	112.94
10.05.2013	111.15
11.05.2013	117.3
12.05.2013	115.24
13.05.2013	114.25
14.05.2013	116.34
15.05.2013	114.33
16.05.2013	109.6
17.05.2013	114.23
18.05.2013	119.9
19.05.2013	121.96
20.05.2013	120.08
21.05.2013	120.47
22.05.2013	120.06
23.05.2013	120.96
24.05.2013	123.55
25.05.2013	128.8
26.05.2013	129.9
27.05.2013	132.96
28.05.2013	128.94
29.05.2013	127.18
30.05.2013	129.37
31.05.2013	129.11
01.06.2013	127.95
02.06.2013	128.1
03.06.2013	121.94
04.06.2013	119.12
05.06.2013	120.9
06.06.2013	121.11
07.06.2013	119.73
08.06.2013	112.35
09.06.2013	109.07
10.06.2013	98
11.06.2013	104.68
12.06.2013	106.83
13.06.2013	108.85
14.06.2013	105.08
15.06.2013	100.54
16.06.2013	100.38
17.06.2013	99.92
18.06.2013	100.72
19.06.2013	106.87
20.06.2013	106.95
21.06.2013	110.04
22.06.2013	108.13
23.06.2013	105.02
24.06.2013	104.93
25.06.2013	101.35
26.06.2013	103.65
27.06.2013	102.27
28.06.2013	100.59
29.06.2013	95.06
30.06.2013	95.08
01.07.2013	94.26
02.07.2013	89.03
03.07.2013	88.13
04.07.2013	82.75
05.07.2013	77.9
06.07.2013	70.82
07.07.2013	69.05
08.07.2013	70.26
09.07.2013	76
10.07.2013	74.49
11.07.2013	81.09
12.07.2013	86.41
13.07.2013	95.07
14.07.2013	91.8
15.07.2013	93.97
16.07.2013	96.51
17.07.2013	95.2
18.07.2013	95.32
19.07.2013	88.31
20.07.2013	89.65
21.07.2013	89.09
22.07.2013	87.78
23.07.2013	88.33
24.07.2013	90.9
25.07.2013	91.07
26.07.2013	93.4
27.07.2013	93.13
28.07.2013	92.72
29.07.2013	96.84
30.07.2013	97.5
31.07.2013	100.15
01.08.2013	104.48
02.08.2013	101.46
03.08.2013	101.33
04.08.2013	100.24
05.08.2013	100.79
06.08.2013	101.91
07.08.2013	102.11
08.08.2013	100.82
09.08.2013	99.23
10.08.2013	97.51
11.08.2013	96.99
12.08.2013	100.37
13.08.2013	102.04
14.08.2013	102.21
15.08.2013	108.21
16.08.2013	105.28
17.08.2013	103.99
18.08.2013	107.16
19.08.2013	109.05
20.08.2013	112.91
21.08.2013	114.14
22.08.2013	115.2
23.08.2013	115.7
24.08.2013	114.32
25.08.2013	114.52
26.08.2013	114.69
27.08.2013	115.53
28.08.2013	124.04
29.08.2013	123.32
30.08.2013	122.43
31.08.2013	131.48
01.09.2013	136.3
02.09.2013	137.57
03.09.2013	136.42
04.09.2013	132.95
05.09.2013	127.63
06.09.2013	119.49
07.09.2013	122.84
08.09.2013	119.91
09.09.2013	125.97
10.09.2013	125.47
11.09.2013	129.3
12.09.2013	132.58
13.09.2013	133.53
14.09.2013	127.68
15.09.2013	128.26
16.09.2013	129.7
17.09.2013	130.41
18.09.2013	131.68
19.09.2013	130.19
20.09.2013	128.85
21.09.2013	127.32
22.09.2013	126.95
23.09.2013	127
24.09.2013	125.78
25.09.2013	127.26
26.09.2013	127.7
27.09.2013	130.25
28.09.2013	131.82
29.09.2013	135.98
30.09.2013	132.87
01.10.2013	133.44
02.10.2013	132.76
03.10.2013	120.86
04.10.2013	128.9
05.10.2013	127.33
06.10.2013	127.38
07.10.2013	127.86
08.10.2013	126.57
09.10.2013	131.09
10.10.2013	130.41
11.10.2013	130.67
12.10.2013	133.69
13.10.2013	136.79
14.10.2013	140.06
15.10.2013	145.14
16.10.2013	144.82
17.10.2013	147.37
18.10.2013	154.76
19.10.2013	167.98
20.10.2013	169.62
21.10.2013	182.85
22.10.2013	194.49
23.10.2013	208.9
24.10.2013	195.84
25.10.2013	180.55
26.10.2013	177.73
27.10.2013	195.95
28.10.2013	201.42
29.10.2013	202
30.10.2013	204.92
31.10.2013	203.76
01.11.2013	205.74
02.11.2013	208.52
03.11.2013	207.34
04.11.2013	217.19
05.11.2013	234.33
06.11.2013	257.48
07.11.2013	292.1
08.11.2013	316.73
09.11.2013	372.91
10.11.2013	338.34
11.11.2013	339.29
12.11.2013	376.88
13.11.2013	383.04
14.11.2013	425.59
15.11.2013	427.98
16.11.2013	440.34
17.11.2013	481.42
18.11.2013	595.83
19.11.2013	807.42
20.11.2013	567.6
21.11.2013	675.89
22.11.2013	758.16
23.11.2013	896.89
24.11.2013	813.33
25.11.2013	844.19
26.11.2013	847.81
27.11.2013	908.58
28.11.2013	1012.21
29.11.2013	1129.43
30.11.2013	1183.59
01.12.2013	1103.89
02.12.2013	1034.48
03.12.2013	1047.9
04.12.2013	1090.4
05.12.2013	972.6
06.12.2013	1017.03
07.12.2013	683.44
08.12.2013	793.24
09.12.2013	892.2
10.12.2013	934.58
11.12.2013	941.63
12.12.2013	880.86
13.12.2013	922.68
14.12.2013	888.69
15.12.2013	835.08
16.12.2013	812.61
17.12.2013	682.05
18.12.2013	480
19.12.2013	586.67
20.12.2013	675.37
21.12.2013	613.65
22.12.2013	635.8
23.12.2013	627.64
24.12.2013	649.26
25.12.2013	658.45
26.12.2013	699.69
27.12.2013	745.22
28.12.2013	730.17
29.12.2013	715.06
30.12.2013	733.41
31.12.2013	730.04
01.01.2014	749.09
02.01.2014	739.91
03.01.2014	805.03
04.01.2014	799.95
05.01.2014	848.13
06.01.2014	972.99
07.01.2014	916.41
08.01.2014	843.64
09.01.2014	828.06
10.01.2014	832.53
11.01.2014	900.84
12.01.2014	858.47
13.01.2014	814.87
14.01.2014	834.27
15.01.2014	828.69
16.01.2014	852.3
17.01.2014	826.02
18.01.2014	805.12
19.01.2014	815.69
20.01.2014	848.15
21.01.2014	847.32
22.01.2014	841.72
23.01.2014	827.27
24.01.2014	817.41
25.01.2014	786.34
26.01.2014	819.28
27.01.2014	848.67
28.01.2014	773.67
29.01.2014	817.38
30.01.2014	828.76
31.01.2014	808.47
01.02.2014	827.63
02.02.2014	836.57
03.02.2014	827.39
04.02.2014	825.43
05.02.2014	830.15
06.02.2014	819.94
07.02.2014	783.72
08.02.2014	724.48
09.02.2014	679.63
10.02.2014	688.47
11.02.2014	678.52
12.02.2014	669.5
13.02.2014	659.68
14.02.2014	616.05
15.02.2014	664.13
16.02.2014	653.42
17.02.2014	618.06
18.02.2014	630.83
19.02.2014	627.85
20.02.2014	625.52
21.02.2014	563.93
22.02.2014	573.37
23.02.2014	600.87
24.02.2014	612.29
25.02.2014	552.42
26.02.2014	536.13
27.02.2014	584.5
28.02.2014	581.78
01.03.2014	552.85
02.03.2014	567.1
03.03.2014	557.22
04.03.2014	661.22
05.03.2014	667.51
06.03.2014	662.57
07.03.2014	659.12
08.03.2014	629.78
09.03.2014	618.22
10.03.2014	637.41
11.03.2014	626.79
12.03.2014	632.15
13.03.2014	632.58
14.03.2014	638.13
15.03.2014	628.6
16.03.2014	635.17
17.03.2014	630.47
18.03.2014	622.15
19.03.2014	614.3
20.03.2014	610.58
21.03.2014	589.69
22.03.2014	582.89
23.03.2014	565.35
24.03.2014	565.74
25.03.2014	564.58
26.03.2014	578.71
27.03.2014	580.96
28.03.2014	542.8
29.03.2014	502.51
30.03.2014	498.63
31.03.2014	471.35
01.04.2014	458.66
02.04.2014	462.36
03.04.2014	466.43
04.04.2014	433.21
05.04.2014	442.72
06.04.2014	451.66
07.04.2014	459.94
08.04.2014	455.07
09.04.2014	450.72
10.04.2014	450.03
11.04.2014	408.83
12.04.2014	403.75
13.04.2014	425.91
14.04.2014	416.28
15.04.2014	445.87
16.04.2014	487.35
17.04.2014	516.28
18.04.2014	505.38
19.04.2014	485.89
20.04.2014	491.3
21.04.2014	502.08
22.04.2014	500.48
23.04.2014	494.76
24.04.2014	490.11
25.04.2014	490.35
26.04.2014	463.39
27.04.2014	456.28
28.04.2014	452.04
29.04.2014	436.49
30.04.2014	444.28
01.05.2014	445.96
02.05.2014	454.31
03.05.2014	449.47
04.05.2014	441.03
05.05.2014	435.07
06.05.2014	433.22
07.05.2014	429.82
08.05.2014	436.61
09.05.2014	443.61
10.05.2014	447.18
11.05.2014	451.58
12.05.2014	444.94
13.05.2014	440.2
14.05.2014	440.04
15.05.2014	443.66
16.05.2014	447.45
17.05.2014	448.03
18.05.2014	449.29
19.05.2014	447.32
20.05.2014	445.95
21.05.2014	464.31
22.05.2014	491.32
23.05.2014	508.16
24.05.2014	528.29
25.05.2014	520.9
26.05.2014	559.2
27.05.2014	580.22
28.05.2014	573.97
29.05.2014	572.21
30.05.2014	566.65
31.05.2014	597.16
01.06.2014	616.81
02.06.2014	643.65
03.06.2014	635.36
04.06.2014	661.59
05.06.2014	641.84
06.06.2014	651.47
07.06.2014	656.65
08.06.2014	652.93
09.06.2014	656.19
10.06.2014	650.31
11.06.2014	653.45
12.06.2014	646.29
13.06.2014	625.34
14.06.2014	599.54
15.06.2014	580.01
16.06.2014	568.08
17.06.2014	597.64
18.06.2014	599.64
19.06.2014	610.22
20.06.2014	606.79
21.06.2014	593.77
22.06.2014	594.11
23.06.2014	601.94
24.06.2014	594.15
25.06.2014	592.06
26.06.2014	573.64
27.06.2014	585.36
28.06.2014	598.83
29.06.2014	599.83
30.06.2014	599.38
01.07.2014	621.19
02.07.2014	650.58
03.07.2014	646.95
04.07.2014	645.57
05.07.2014	638.74
06.07.2014	631.03
07.07.2014	634.17
08.07.2014	628.38
09.07.2014	624.31
10.07.2014	625.07
11.07.2014	619.14
12.07.2014	622.56
13.07.2014	630.52
14.07.2014	628.41
15.07.2014	622.4
16.07.2014	622.65
17.07.2014	618.65
18.07.2014	618.52
19.07.2014	623.34
20.07.2014	626.57
21.07.2014	625.2
22.07.2014	621.65
23.07.2014	622.37
24.07.2014	621.3
25.07.2014	610.52
26.07.2014	601.52
27.07.2014	596.84
28.07.2014	595.9
29.07.2014	584.93
30.07.2014	585.2
31.07.2014	579.23
01.08.2014	573.09
02.08.2014	592.07
03.08.2014	590.4
04.08.2014	585.31
05.08.2014	587.67
06.08.2014	586.78
07.08.2014	585.55
08.08.2014	586.01
09.08.2014	593.25
10.08.2014	589.2
11.08.2014	589.84
12.08.2014	585.97
13.08.2014	570.86
14.08.2014	553.8
15.08.2014	521.23
16.08.2014	506.48
17.08.2014	500.15
18.08.2014	503.26
19.08.2014	474.03
20.08.2014	471.92
21.08.2014	488.09
22.08.2014	519.55
23.08.2014	512.59
24.08.2014	503.95
25.08.2014	503.44
26.08.2014	503.49
27.08.2014	507.53
28.08.2014	514.7
29.08.2014	510.88
30.08.2014	507.96
31.08.2014	504.38
01.09.2014	489.75
02.09.2014	479.36
03.09.2014	478.01
04.09.2014	478.51
05.09.2014	484.32
06.09.2014	486.88
07.09.2014	484.92
08.09.2014	485.85
09.09.2014	475.35
10.09.2014	472.02
11.09.2014	481.11
12.09.2014	478.75
13.09.2014	476.24
14.09.2014	478.52
15.09.2014	478.01
16.09.2014	477.23
17.09.2014	471.56
18.09.2014	460.88
19.09.2014	440.97
20.09.2014	406.26
21.09.2014	410.69
22.09.2014	401.48
23.09.2014	402.54
24.09.2014	408.88
25.09.2014	426.93
26.09.2014	413.58
27.09.2014	406.41
28.09.2014	402.73
29.09.2014	392.29
30.09.2014	378.85
01.10.2014	381.08
02.10.2014	385.55
03.10.2014	380.45
04.10.2014	370.39
05.10.2014	347.85
06.10.2014	317.85
07.10.2014	325.42
08.10.2014	331.19
09.10.2014	338.96
10.10.2014	363.13
11.10.2014	363.19
12.10.2014	361.15
13.10.2014	363.76
14.10.2014	379.19
15.10.2014	402.04
16.10.2014	395.34
17.10.2014	388.03
18.10.2014	381
19.10.2014	386.69
20.10.2014	390.96
21.10.2014	384.3
22.10.2014	386.61
23.10.2014	385.39
24.10.2014	369.5
25.10.2014	358.76
26.10.2014	351.01
27.10.2014	352.56
28.10.2014	355.29
29.10.2014	357.15
30.10.2014	348.1
31.10.2014	339.5
01.11.2014	342.38
02.11.2014	330.68
03.11.2014	325.78
04.11.2014	329.39
05.11.2014	328.53
06.11.2014	338.12
07.11.2014	343.26
08.11.2014	345.94
09.11.2014	344.54
10.11.2014	351.33
11.11.2014	365.56
12.11.2014	367.84
13.11.2014	394.86
14.11.2014	431.16
15.11.2014	397.25
16.11.2014	387.3
17.11.2014	384.05
18.11.2014	396.79
19.11.2014	382.01
20.11.2014	380.05
21.11.2014	366.77
22.11.2014	352.39
23.11.2014	357.49
24.11.2014	359.64
25.11.2014	375.52
26.11.2014	383.65
27.11.2014	373.07
28.11.2014	372.72
29.11.2014	370.53
30.11.2014	379.08
01.12.2014	378.9
02.12.2014	381.05
03.12.2014	382.46
04.12.2014	380.02
05.12.2014	375.5
06.12.2014	374.1
07.12.2014	376.15
08.12.2014	377.47
09.12.2014	370.68
10.12.2014	354.25
11.12.2014	351.09
12.12.2014	352.9
13.12.2014	352.09
14.12.2014	349.52
15.12.2014	350.5
16.12.2014	349.38
17.12.2014	337.17
18.12.2014	324.08
19.12.2014	313.65
20.12.2014	313.97
21.12.2014	325.48
22.12.2014	325.46
23.12.2014	329.23
24.12.2014	334.51
25.12.2014	331.51
26.12.2014	321.91
27.12.2014	324.44
28.12.2014	321.26
29.12.2014	318.02
30.12.2014	317.39
31.12.2014	315.68
01.01.2015	315.19
02.01.2015	316.93
03.01.2015	316.03
04.01.2015	305.19
05.01.2015	275.31
06.01.2015	272.66
07.01.2015	277.86
08.01.2015	289.06
09.01.2015	289.84
10.01.2015	285.94
11.01.2015	281.27
12.01.2015	274.69
13.01.2015	270.42
14.01.2015	241.05
15.01.2015	199.02
16.01.2015	206.87
17.01.2015	212.21
18.01.2015	201.75
19.01.2015	206.68
20.01.2015	212.69
21.01.2015	211.91
22.01.2015	215.91
23.01.2015	232.3
24.01.2015	230.6
25.01.2015	238.2
26.01.2015	248.82
27.01.2015	281.16
28.01.2015	261.64
29.01.2015	253.42
30.01.2015	232.72
31.01.2015	232.88
01.02.2015	228.53
02.02.2015	219.14
03.02.2015	227.5
04.02.2015	237.42
05.02.2015	226.28
06.02.2015	223.5
07.02.2015	220.81
08.02.2015	226.79
09.02.2015	225.8
10.02.2015	221.7
11.02.2015	219.58
12.02.2015	222.17
13.02.2015	221.34
14.02.2015	232.28
15.02.2015	246.19
16.02.2015	250.17
17.02.2015	234.68
18.02.2015	239.27
19.02.2015	240.47
20.02.2015	238.86
21.02.2015	243.82
22.02.2015	245.61
23.02.2015	242.63
24.02.2015	237.17
25.02.2015	239.93
26.02.2015	239.26
27.02.2015	237.7
28.02.2015	250.58
01.03.2015	253.52
02.03.2015	252.87
03.03.2015	262.8
04.03.2015	275.84
05.03.2015	279.54
06.03.2015	271.61
07.03.2015	273.54
08.03.2015	274.22
09.03.2015	276.03
10.03.2015	282.42
11.03.2015	294.11
12.03.2015	294.08
13.03.2015	295.47
14.03.2015	291.69
15.03.2015	284.15
16.03.2015	285.16
17.03.2015	291.9
18.03.2015	290.69
19.03.2015	275.09
20.03.2015	258.12
21.03.2015	262.61
22.03.2015	261.22
23.03.2015	263.2
24.03.2015	268.48
25.03.2015	257.33
26.03.2015	245.78
27.03.2015	250.04
28.03.2015	248.78
29.03.2015	252.66
30.03.2015	246.4
31.03.2015	246.04
01.04.2015	246.73
02.04.2015	244.94
03.04.2015	249.47
04.04.2015	254.7
05.04.2015	254.68
06.04.2015	257.05
07.04.2015	258.61
08.04.2015	255.52
09.04.2015	250.49
10.04.2015	244.86
11.04.2015	239.07
12.04.2015	237.11
13.04.2015	237.75
14.04.2015	233.81
15.04.2015	221.73
16.04.2015	222.56
17.04.2015	228.45
18.04.2015	225.69
19.04.2015	224.25
20.04.2015	225.53
21.04.2015	225.13
22.04.2015	227.8
23.04.2015	236.45
24.04.2015	236.36
25.04.2015	233.4
26.04.2015	230.39
27.04.2015	220.06
28.04.2015	222.15
29.04.2015	227.39
30.04.2015	227.3
01.05.2015	232.83
02.05.2015	236.33
03.05.2015	236.22
04.05.2015	240.85
05.05.2015	241.04
06.05.2015	237.02
07.05.2015	236.09
08.05.2015	233.14
09.05.2015	240.89
10.05.2015	243.58
11.05.2015	242.6
12.05.2015	242.49
13.05.2015	243.21
14.05.2015	243.55
15.05.2015	243.75
16.05.2015	238.82
17.05.2015	239.12
18.05.2015	238.75
19.05.2015	237.24
20.05.2015	234.32
21.05.2015	234.9
22.05.2015	236.41
23.05.2015	238.04
24.05.2015	240.65
25.05.2015	240.88
26.05.2015	239.51
27.05.2015	238.12
28.05.2015	239.03
29.05.2015	238.61
30.05.2015	238.35
31.05.2015	235.75
01.06.2015	233.76
02.06.2015	228.08
03.06.2015	225.61
04.06.2015	227.59
05.06.2015	226.9
06.06.2015	226.14
07.06.2015	226.96
08.06.2015	226.17
09.06.2015	227.17
10.06.2015	231.13
11.06.2015	231.78
12.06.2015	231.56
13.06.2015	232.2
14.06.2015	232.22
15.06.2015	234.76
16.06.2015	236.47
17.06.2015	242.65
18.06.2015	251.68
19.06.2015	249.62
20.06.2015	249.28
21.06.2015	244.54
22.06.2015	246.1
23.06.2015	246.9
24.06.2015	247.05
25.06.2015	245.2
26.06.2015	244.36
27.06.2015	244.53
28.06.2015	248.04
29.06.2015	250.51
30.06.2015	254.25
01.07.2015	263.29
02.07.2015	260.75
03.07.2015	258.75
04.07.2015	257.02
05.07.2015	259.27
06.07.2015	264.7
07.07.2015	272.44
08.07.2015	269.16
09.07.2015	270.09
10.07.2015	271.21
11.07.2015	281.69
12.07.2015	292.13
13.07.2015	305
14.07.2015	294.45
15.07.2015	291.83
16.07.2015	291.85
17.07.2015	283.33
18.07.2015	278.23
19.07.2015	278.17
20.07.2015	275.84
21.07.2015	277.78
22.07.2015	280.32
23.07.2015	277.7
24.07.2015	278.73
25.07.2015	282.91
26.07.2015	289.3
27.07.2015	291.46
28.07.2015	291.95
29.07.2015	295.65
30.07.2015	292.61
31.07.2015	289.7
01.08.2015	286.98
02.08.2015	283.29
03.08.2015	281.86
04.08.2015	284.13
05.08.2015	285.44
06.08.2015	285.07
07.08.2015	282.03
08.08.2015	280.86
09.08.2015	276.18
10.08.2015	264.37
11.08.2015	266.12
12.08.2015	267.42
13.08.2015	269.62
14.08.2015	266.61
15.08.2015	266.22
16.08.2015	267.45
17.08.2015	260.78
18.08.2015	259.28
19.08.2015	256.94
20.08.2015	234.34
21.08.2015	233.26
22.08.2015	235.52
23.08.2015	231.89
24.08.2015	230.52
25.08.2015	222.4
26.08.2015	214.71
27.08.2015	225.97
28.08.2015	227.09
29.08.2015	228.33
30.08.2015	231.91
31.08.2015	230.35
01.09.2015	229.97
02.09.2015	230.43
03.09.2015	228.99
04.09.2015	230.77
05.09.2015	231.38
06.09.2015	233.56
07.09.2015	240.44
08.09.2015	241.37
09.09.2015	244.13
10.09.2015	242.79
11.09.2015	240.5
12.09.2015	241.92
13.09.2015	240.93
14.09.2015	234.8
15.09.2015	230.4
16.09.2015	232.22
17.09.2015	230.86
18.09.2015	233.35
19.09.2015	234.74
20.09.2015	233.86
21.09.2015	233.12
22.09.2015	229.44
23.09.2015	230.51
24.09.2015	232.27
25.09.2015	233.98
26.09.2015	236.68
27.09.2015	236.3
28.09.2015	235.25
29.09.2015	238.43
30.09.2015	239.83
01.10.2015	238.73
02.10.2015	238.88
03.10.2015	239.34
04.10.2015	240.15
05.10.2015	241.04
06.10.2015	240.38
07.10.2015	245.11
08.10.2015	246.92
09.10.2015	245.93
10.10.2015	246.12
11.10.2015	246.96
12.10.2015	248.91
13.10.2015	248.47
14.10.2015	249.32
15.10.2015	253.51
16.10.2015	256.21
17.10.2015	261.38
18.10.2015	270.02
19.10.2015	267.92
20.10.2015	264.92
21.10.2015	269.08
22.10.2015	269.8
23.10.2015	273.23
24.10.2015	277.64
25.10.2015	281.72
26.10.2015	290.17
27.10.2015	285.39
28.10.2015	293.4
29.10.2015	301.68
30.10.2015	310.62
31.10.2015	325.42
01.11.2015	323.74
02.11.2015	318.74
03.11.2015	336.06
04.11.2015	382.99
05.11.2015	447.05
06.11.2015	400.66
07.11.2015	372.65
08.11.2015	384.5
09.11.2015	383.67
10.11.2015	376.16
11.11.2015	366.71
12.11.2015	316.65
13.11.2015	328.21
14.11.2015	334.54
15.11.2015	334.98
16.11.2015	329.09
17.11.2015	322.52
18.11.2015	335.43
19.11.2015	335.34
20.11.2015	332.58
21.11.2015	320.96
22.11.2015	326.23
23.11.2015	325.78
24.11.2015	324.43
25.11.2015	323.65
26.11.2015	324.54
27.11.2015	343.4
28.11.2015	355.99
29.11.2015	356.51
30.11.2015	362.35
01.12.2015	376.91
02.12.2015	368.63
03.12.2015	357.02
04.12.2015	364.62
05.12.2015	362
06.12.2015	376.06
07.12.2015	394.53
08.12.2015	394.41
09.12.2015	397.32
10.12.2015	418.59
11.12.2015	416.7
12.12.2015	433.37
13.12.2015	432.72
14.12.2015	436.76
15.12.2015	441.91
16.12.2015	457.22
17.12.2015	457.34
18.12.2015	456.03
19.12.2015	461.29
20.12.2015	464.03
21.12.2015	454.71
22.12.2015	438.24
23.12.2015	440.49
24.12.2015	442.08
25.12.2015	455.24
26.12.2015	455.98
27.12.2015	430.63
28.12.2015	419.61
29.12.2015	425.84
30.12.2015	426.94
31.12.2015	430.72
01.01.2016	427.23
02.01.2016	433.86
03.01.2016	434.7
04.01.2016	431.25
05.01.2016	432.09
06.01.2016	433.34
07.01.2016	432.23
08.01.2016	449.62
09.01.2016	456
10.01.2016	451.75
11.01.2016	446.7
12.01.2016	448.74
13.01.2016	448.6
14.01.2016	431.18
15.01.2016	432.41
16.01.2016	403.18
17.01.2016	372.47
18.01.2016	385.85
19.01.2016	384.91
20.01.2016	385.61
21.01.2016	394.3
22.01.2016	415.17
23.01.2016	395.35
24.01.2016	390.34
25.01.2016	398.22
26.01.2016	397.98
27.01.2016	396.03
28.01.2016	397.4
29.01.2016	386.56
30.01.2016	377.41
31.01.2016	380.7
01.02.2016	380.6
02.02.2016	375.03
03.02.2016	376.92
04.02.2016	375.56
05.02.2016	380.51
06.02.2016	389.02
07.02.2016	378.42
08.02.2016	378.74
09.02.2016	378.33
10.02.2016	374.85
11.02.2016	381.09
12.02.2016	379.78
13.02.2016	383.12
14.02.2016	390.52
15.02.2016	400.51
16.02.2016	404.46
17.02.2016	404.68
18.02.2016	415.28
19.02.2016	420.8
20.02.2016	420.92
21.02.2016	431.25
22.02.2016	439.32
23.02.2016	437.45
24.02.2016	429.85
25.02.2016	423.54
26.02.2016	424.66
27.02.2016	425.47
28.02.2016	434.18
29.02.2016	431.3
01.03.2016	437.64
02.03.2016	436.43
03.03.2016	434.22
04.03.2016	423.56
05.03.2016	422.41
06.03.2016	405.29
07.03.2016	405.38
08.03.2016	411.5
09.03.2016	415.33
10.03.2016	415.38
11.03.2016	417.85
12.03.2016	422.33
13.03.2016	416.76
14.03.2016	415.67
15.03.2016	416.43
16.03.2016	419.1
17.03.2016	419.08
18.03.2016	422.92
19.03.2016	417.12
20.03.2016	411.56
21.03.2016	414.24
22.03.2016	412.88
23.03.2016	419.45
24.03.2016	420.58
25.03.2016	420.29
26.03.2016	420.57
27.03.2016	420.76
28.03.2016	422.77
29.03.2016	425.56
30.03.2016	421.94
31.03.2016	416.7
01.04.2016	419.06
02.04.2016	418.92
03.04.2016	422.39
04.04.2016	422.49
05.04.2016	421.99
06.04.2016	424.42
07.04.2016	425.25
08.04.2016	423.69
09.04.2016	424.49
10.04.2016	419.64
11.04.2016	422.28
12.04.2016	423.79
13.04.2016	426.37
14.04.2016	425.22
15.04.2016	425.84
16.04.2016	429.19
17.04.2016	432.87
18.04.2016	431.66
19.04.2016	430.12
20.04.2016	432.57
21.04.2016	438.88
22.04.2016	445.08
23.04.2016	446.96
24.04.2016	448.89
25.04.2016	455.35
26.04.2016	460.59
27.04.2016	466.38
28.04.2016	461.41
29.04.2016	446.85
30.04.2016	452.92
01.05.2016	454.91
02.05.2016	453.59
03.05.2016	448.63
04.05.2016	448.5
05.05.2016	449.2
06.05.2016	449.25
07.05.2016	453.8
08.05.2016	460.07
09.05.2016	460.73
10.05.2016	461.89
11.05.2016	458.41
12.05.2016	455.93
13.05.2016	454.42
14.05.2016	457.41
15.05.2016	459.1
16.05.2016	461.01
17.05.2016	459.7
18.05.2016	457.91
19.05.2016	457.95
20.05.2016	453.52
21.05.2016	444.64
22.05.2016	446.57
23.05.2016	445.31
24.05.2016	444.65
25.05.2016	449.43
26.05.2016	452.31
27.05.2016	454.52
28.05.2016	472.88
29.05.2016	498.4
30.05.2016	525.11
31.05.2016	534.73
01.06.2016	536.74
02.06.2016	535.17
03.06.2016	538.65
04.06.2016	559.84
05.06.2016	574.97
06.06.2016	577.28
07.06.2016	583.97
08.06.2016	584.69
09.06.2016	580.92
10.06.2016	580.7
11.06.2016	579.65
12.06.2016	586.87
13.06.2016	640.61
14.06.2016	689.14
15.06.2016	688.37
16.06.2016	686.89
17.06.2016	740.71
18.06.2016	750.61
19.06.2016	753.29
20.06.2016	758.31
21.06.2016	752.92
22.06.2016	684.91
23.06.2016	654.12
24.06.2016	594.64
25.06.2016	657.79
26.06.2016	674.72
27.06.2016	644.29
28.06.2016	641.67
29.06.2016	648.54
30.06.2016	638.03
01.07.2016	656.19
02.07.2016	679.3
03.07.2016	690.88
04.07.2016	678.42
05.07.2016	673.78
06.07.2016	675.33
07.07.2016	676.19
08.07.2016	645.3
09.07.2016	648.81
10.07.2016	653.28
11.07.2016	647.76
12.07.2016	650.87
13.07.2016	658.27
14.07.2016	664.31
15.07.2016	658.93
16.07.2016	664.47
17.07.2016	665.45
18.07.2016	671.99
19.07.2016	679.2
20.07.2016	672.64
21.07.2016	670.32
22.07.2016	664.84
23.07.2016	660.86
24.07.2016	654.21
25.07.2016	657.79
26.07.2016	657.32
27.07.2016	653.05
28.07.2016	653.62
29.07.2016	656.24
30.07.2016	658
31.07.2016	657.89
01.08.2016	637.11
02.08.2016	621.89
03.08.2016	593.7
04.08.2016	552.13
05.08.2016	576.47
06.08.2016	576.39
07.08.2016	578.53
08.08.2016	594.25
09.08.2016	595.05
10.08.2016	593.12
11.08.2016	596.37
12.08.2016	595.39
13.08.2016	591.38
14.08.2016	591.34
15.08.2016	581.71
16.08.2016	573.51
17.08.2016	574.89
18.08.2016	578.01
19.08.2016	577.54
20.08.2016	578.1
21.08.2016	580.43
22.08.2016	583.19
23.08.2016	585.43
24.08.2016	586.79
25.08.2016	582.34
26.08.2016	577.03
27.08.2016	579.11
28.08.2016	574.66
29.08.2016	572.52
30.08.2016	574.32
31.08.2016	576.9
01.09.2016	575.59
02.09.2016	574.01
03.09.2016	573.74
04.09.2016	579.59
05.09.2016	603.1
06.09.2016	606.24
07.09.2016	609.13
08.09.2016	613.11
09.09.2016	623.17
10.09.2016	624.54
11.09.2016	625.21
12.09.2016	622.25
13.09.2016	608.49
14.09.2016	610.01
15.09.2016	611.66
16.09.2016	611.2
17.09.2016	609.89
18.09.2016	609.32
19.09.2016	610.13
20.09.2016	611.18
21.09.2016	610.18
22.09.2016	598.94
23.09.2016	598.7
24.09.2016	601.05
25.09.2016	605.22
26.09.2016	603.65
27.09.2016	606.08
28.09.2016	608.2
29.09.2016	607.34
30.09.2016	607.18
01.10.2016	607.31
02.10.2016	614.38
03.10.2016	613.23
04.10.2016	613.08
05.10.2016	611.57
06.10.2016	612.99
07.10.2016	614.17
08.10.2016	616.81
09.10.2016	620.41
10.10.2016	619.36
11.10.2016	618.93
12.10.2016	632.94
13.10.2016	639.38
14.10.2016	638.06
15.10.2016	639.67
16.10.2016	642.28
17.10.2016	642.43
18.10.2016	641.24
19.10.2016	640.05
20.10.2016	635.87
21.10.2016	632.49
22.10.2016	634.51
23.10.2016	644
24.10.2016	655.68
25.10.2016	654.83
26.10.2016	657.9
27.10.2016	666.84
28.10.2016	684.43
29.10.2016	689.29
30.10.2016	709.14
31.10.2016	707.89
01.11.2016	703.38
02.11.2016	724.22
03.11.2016	729.38
04.11.2016	728.18
05.11.2016	702.96
06.11.2016	706.37
07.11.2016	712.1
08.11.2016	708.85
09.11.2016	711.08
10.11.2016	728.6
11.11.2016	719.8
12.11.2016	719.65
13.11.2016	714.22
14.11.2016	700.44
15.11.2016	706.1
16.11.2016	714.84
17.11.2016	729.05
18.11.2016	748.27
19.11.2016	748.06
20.11.2016	753.56
21.11.2016	747.22
22.11.2016	741.02
23.11.2016	749.46
24.11.2016	750.25
25.11.2016	749.2
26.11.2016	747.81
27.11.2016	745.45
28.11.2016	737.34
29.11.2016	737.76
30.11.2016	737.71
01.12.2016	743.19
02.12.2016	752.53
03.12.2016	772
04.12.2016	769.43
05.12.2016	769.76
06.12.2016	761.29
07.12.2016	762.91
08.12.2016	767.68
09.12.2016	773.28
10.12.2016	775.8
11.12.2016	778.79
12.12.2016	772.62
13.12.2016	780.45
14.12.2016	784.3
15.12.2016	784.81
16.12.2016	782.16
17.12.2016	784.18
18.12.2016	791.37
19.12.2016	791.97
20.12.2016	795.11
21.12.2016	796.26
22.12.2016	819.6
23.12.2016	858.35
24.12.2016	902.66
25.12.2016	905.79
26.12.2016	880.14
27.12.2016	904.39
28.12.2016	920.82
29.12.2016	958.82
30.12.2016	973.35
31.12.2016	958.53
01.01.2017	960.06
02.01.2017	979.53
03.01.2017	1018.17
04.01.2017	1031.18
05.01.2017	1087.68
06.01.2017	1060.08
07.01.2017	942.65
08.01.2017	876.54
09.01.2017	920.99
10.01.2017	900.04
11.01.2017	910.02
12.01.2017	852.88
13.01.2017	789.67
14.01.2017	812
15.01.2017	830.89
16.01.2017	821.4
17.01.2017	832.6
18.01.2017	881.76
19.01.2017	890
20.01.2017	897.04
21.01.2017	899.16
22.01.2017	920.53
23.01.2017	926.27
24.01.2017	924.25
25.01.2017	911.75
26.01.2017	900.08
27.01.2017	910.41
28.01.2017	919.69
29.01.2017	922.01
30.01.2017	921.44
31.01.2017	922.51
01.02.2017	944.21
02.02.2017	976.67
03.02.2017	996.83
04.02.2017	1023.48
05.02.2017	1029.12
06.02.2017	1033.79
07.02.2017	1036.89
08.02.2017	1053.92
09.02.2017	1063.32
10.02.2017	1032.72
11.02.2017	974.42
12.02.2017	1001.7
13.02.2017	999.57
14.02.2017	993.83
15.02.2017	1001.26
16.02.2017	1005.31
17.02.2017	1021.04
18.02.2017	1040.05
19.02.2017	1056.5
20.02.2017	1051.2
21.02.2017	1054.29
22.02.2017	1093.67
23.02.2017	1112.44
24.02.2017	1139.22
25.02.2017	1175
26.02.2017	1159.54
27.02.2017	1154.02
28.02.2017	1172.75
01.03.2017	1179.77
02.03.2017	1194.63
03.03.2017	1225.2
04.03.2017	1259.04
05.03.2017	1259.53
06.03.2017	1246.75
07.03.2017	1263.66
08.03.2017	1239.13
09.03.2017	1186.06
10.03.2017	1167.29
11.03.2017	1194.36
12.03.2017	1164.97
13.03.2017	1190.64
14.03.2017	1220
15.03.2017	1233.66
16.03.2017	1253.82
17.03.2017	1226.93
18.03.2017	1141.7
19.03.2017	1047
20.03.2017	1018.27
21.03.2017	1044.95
22.03.2017	1089.49
23.03.2017	1063.72
24.03.2017	1043.82
25.03.2017	998.22
26.03.2017	935.5
27.03.2017	974.76
28.03.2017	1001.95
29.03.2017	1041.72
30.03.2017	1034.18
31.03.2017	1028.34
01.04.2017	1045.03
02.04.2017	1069.78
03.04.2017	1076.59
04.04.2017	1130.52
05.04.2017	1146.4
06.04.2017	1133.15
07.04.2017	1167.17
08.04.2017	1191.67
09.04.2017	1188.67
10.04.2017	1192.76
11.04.2017	1208.9
12.04.2017	1215.33
13.04.2017	1221.39
14.04.2017	1194.05
15.04.2017	1188.18
16.04.2017	1190.41
17.04.2017	1188.92
18.04.2017	1195
19.04.2017	1220.64
20.04.2017	1212.68
21.04.2017	1226.44
22.04.2017	1245.06
23.04.2017	1241.08
24.04.2017	1242.72
25.04.2017	1249.7
26.04.2017	1268.58
27.04.2017	1288.21
28.04.2017	1308.13
29.04.2017	1312.56
30.04.2017	1332.61
01.05.2017	1331.06
02.05.2017	1378.37
03.05.2017	1440.51
04.05.2017	1469.56
05.05.2017	1542.51
06.05.2017	1565.87
07.05.2017	1548.91
08.05.2017	1553.87
09.05.2017	1611.02
10.05.2017	1710.42
11.05.2017	1744.77
12.05.2017	1825.79
13.05.2017	1778.48
14.05.2017	1721.29
15.05.2017	1791.43
16.05.2017	1751.56
17.05.2017	1738.15
18.05.2017	1813.69
19.05.2017	1843.65
20.05.2017	1926.11
21.05.2017	1984.76
22.05.2017	2033.16
23.05.2017	2126.81
24.05.2017	2198.89
25.05.2017	2369.29
26.05.2017	2558.1
27.05.2017	2395.74
28.05.2017	2091.53
29.05.2017	2177.24
30.05.2017	2234.21
31.05.2017	2281.26
01.06.2017	2253.65
02.06.2017	2389.02
03.06.2017	2427.38
04.06.2017	2519.8
05.06.2017	2527.4
06.06.2017	2594.48
07.06.2017	2828.04
08.06.2017	2817.71
09.06.2017	2758.31
10.06.2017	2821.85
11.06.2017	2852.1
12.06.2017	2895.02
13.06.2017	2799.56
14.06.2017	2717.01
15.06.2017	2669.21
16.06.2017	2378.29
17.06.2017	2462.76
18.06.2017	2559.7
19.06.2017	2568.07
20.06.2017	2551.47
21.06.2017	2648.65
22.06.2017	2700.63
23.06.2017	2674.57
24.06.2017	2706.82
25.06.2017	2659.43
26.06.2017	2565.19
27.06.2017	2453.69
28.06.2017	2396.78
29.06.2017	2529.75
30.06.2017	2556.11
01.07.2017	2519.27
02.07.2017	2458.14
03.07.2017	2444.33
04.07.2017	2521.76
05.07.2017	2596.4
06.07.2017	2575.83
07.07.2017	2598.4
08.07.2017	2548.48
09.07.2017	2517.65
10.07.2017	2543.8
11.07.2017	2456.05
12.07.2017	2343.23
13.07.2017	2344.9
14.07.2017	2369.26
15.07.2017	2279.88
16.07.2017	2077.38
17.07.2017	1934.91
18.07.2017	2054.81
19.07.2017	2276.72
20.07.2017	2314.74
21.07.2017	2485.34
22.07.2017	2715.12
23.07.2017	2773.57
24.07.2017	2770.23
25.07.2017	2755.36
26.07.2017	2627.01
27.07.2017	2507.58
28.07.2017	2576.24
29.07.2017	2745.22
30.07.2017	2729.99
31.07.2017	2705.64
01.08.2017	2787.33
02.08.2017	2796.22
03.08.2017	2723.7
04.08.2017	2759.01
05.08.2017	2832.82
06.08.2017	3140.74
07.08.2017	3224.24
08.08.2017	3303.19
09.08.2017	3423.79
10.08.2017	3357.67
11.08.2017	3405.78
12.08.2017	3524.95
13.08.2017	3786.2
14.08.2017	4038.15
15.08.2017	4186.11
16.08.2017	4186.16
17.08.2017	4181.12
18.08.2017	4357.95
19.08.2017	4236.73
20.08.2017	4092.36
21.08.2017	4106.8
22.08.2017	4037.95
23.08.2017	3937.33
24.08.2017	4159.3
25.08.2017	4205.17
26.08.2017	4371.44
27.08.2017	4327.32
28.08.2017	4350.76
29.08.2017	4318.87
30.08.2017	4472.1
31.08.2017	4586.83
01.09.2017	4689.86
02.09.2017	4830.77
03.09.2017	4691.61
04.09.2017	4606.56
05.09.2017	4406.53
06.09.2017	4317.53
07.09.2017	4571.43
08.09.2017	4608.27
09.09.2017	4506.35
10.09.2017	4328.8
11.09.2017	4225.39
12.09.2017	4240.87
13.09.2017	4282.63
14.09.2017	3944.73
15.09.2017	3640.75
16.09.2017	3433.1
17.09.2017	3745.81
18.09.2017	3669.81
19.09.2017	3963.83
20.09.2017	3978.22
21.09.2017	3949
22.09.2017	3795.01
23.09.2017	3629.04
24.09.2017	3726.96
25.09.2017	3703.95
26.09.2017	3827.74
27.09.2017	3922.64
28.09.2017	4039.1
29.09.2017	4191.24
30.09.2017	4157.21
01.10.2017	4286.64
02.10.2017	4317.24
03.10.2017	4413.27
04.10.2017	4319
05.10.2017	4259.28
06.10.2017	4262.02
07.10.2017	4362.09
08.10.2017	4356.96
09.10.2017	4498.82
10.10.2017	4648.56
11.10.2017	4822.05
12.10.2017	4798.24
13.10.2017	5117.94
14.10.2017	5626.02
15.10.2017	5673.4
16.10.2017	5625.45
17.10.2017	5674.31
18.10.2017	5625.56
19.10.2017	5408.94
20.10.2017	5652.65
21.10.2017	5785.85
22.10.2017	6073.99
23.10.2017	5917.64
24.10.2017	5882.49
25.10.2017	5666.83
26.10.2017	5556.99
27.10.2017	5829.88
28.10.2017	5829.28
29.10.2017	5758.09
30.10.2017	5880.02
31.10.2017	6124.97
01.11.2017	6248.49
02.11.2017	6528.32
03.11.2017	6975.44
04.11.2017	7249.21
05.11.2017	7271.87
06.11.2017	7474.32
07.11.2017	7264.25
08.11.2017	7138.71
09.11.2017	7388.72
10.11.2017	7256.26
11.11.2017	6956.77
12.11.2017	6541.41
13.11.2017	6090.59
14.11.2017	6336.16
15.11.2017	6588.02
16.11.2017	7045.16
17.11.2017	7469.1
18.11.2017	7839.48
19.11.2017	7705.6
20.11.2017	7835.28
21.11.2017	8116.26
22.11.2017	8189.3
23.11.2017	8220.56
24.11.2017	8198.93
25.11.2017	8191.12
26.11.2017	8484.86
27.11.2017	9068.15
28.11.2017	9618.6
29.11.2017	9872.58
30.11.2017	10456.81
01.12.2017	9947.53
02.12.2017	10234.58
03.12.2017	10977.6
04.12.2017	11309.87
05.12.2017	11387.27
06.12.2017	11718.61
07.12.2017	12693.14
08.12.2017	15027.25
09.12.2017	15706.98
10.12.2017	15088.79
11.12.2017	14404.75
12.12.2017	16465.9
13.12.2017	16910.18
14.12.2017	16750.04
15.12.2017	16477.83
16.12.2017	17489.61
17.12.2017	18287.45
18.12.2017	19325.94
19.12.2017	18726.15
20.12.2017	18273.21
21.12.2017	16811.29
22.12.2017	16247.05
23.12.2017	13710.74
24.12.2017	14815.85
25.12.2017	13684.75
26.12.2017	13984.78
27.12.2017	15246.7
28.12.2017	15696.39
29.12.2017	14362.3
30.12.2017	14633.07
31.12.2017	13376.91
01.01.2018	13413.33
02.01.2018	13545.61
03.01.2018	13957.15
04.01.2018	15058.54
05.01.2018	14909.96
06.01.2018	15877.96
07.01.2018	16711.77
08.01.2018	16525.11
09.01.2018	15324.56
10.01.2018	14909.24
11.01.2018	14223.56
12.01.2018	13740.14
13.01.2018	13703.72
14.01.2018	14266.24
15.01.2018	13732.3
16.01.2018	13854.32
17.01.2018	12134.31
18.01.2018	10624.43
19.01.2018	11486.22
20.01.2018	11502.42
21.01.2018	12464.23
22.01.2018	11924.43
23.01.2018	11150.57
24.01.2018	10731.93
25.01.2018	11013.89
26.01.2018	11308.23
27.01.2018	11020.89
28.01.2018	11239.26
29.01.2018	11674.98
30.01.2018	11312.76
31.01.2018	10678.52
01.02.2018	10035.43
02.02.2018	9559.06
03.02.2018	8612.59
04.02.2018	8933.79
05.02.2018	8747.4
06.02.2018	7630.57
07.02.2018	6817.97
08.02.2018	7901.75
09.02.2018	8226.52
10.02.2018	8271.16
11.02.2018	8650.82
12.02.2018	8200.05
13.02.2018	8630.1
14.02.2018	8621.54
15.02.2018	9024.1
16.02.2018	9805.86
17.02.2018	10028.35
18.02.2018	10684.1
19.02.2018	10728.23
20.02.2018	10871.86
21.02.2018	11508.63
22.02.2018	10794.55
23.02.2018	10275.42
24.02.2018	10015.34
25.02.2018	9937.68
26.02.2018	9607.3
27.02.2018	9912.26
28.02.2018	10555.07
01.03.2018	10626.22
02.03.2018	10654.46
03.03.2018	10993.08
04.03.2018	11347.04
05.03.2018	11252.28
06.03.2018	11519.26
07.03.2018	11031.84
08.03.2018	10419.22
09.03.2018	9720.42
10.03.2018	8916.99
11.03.2018	9247.17
12.03.2018	9062.5
13.03.2018	9446.25
14.03.2018	9161.52
15.03.2018	8775.32
16.03.2018	8117.23
17.03.2018	8320.91
18.03.2018	8089.28
19.03.2018	7683.14
20.03.2018	8354.8
21.03.2018	8619.11
22.03.2018	8986.65
23.03.2018	8798.86
24.03.2018	8541.93
25.03.2018	8868.89
26.03.2018	8548.31
27.03.2018	8226.23
28.03.2018	7976.27
29.03.2018	7927.13
30.03.2018	7531.29
31.03.2018	6896.84
01.04.2018	7012.75
02.04.2018	6811.21
03.04.2018	6988.06
04.04.2018	7337.19
05.04.2018	7089.76
06.04.2018	6765.13
07.04.2018	6656.71
08.04.2018	6895.85
09.04.2018	6997.47
10.04.2018	6900.51
11.04.2018	6785.49
12.04.2018	6888.64
13.04.2018	7344.38
14.04.2018	7997.64
15.04.2018	8013.29
16.04.2018	8224.93
17.04.2018	8083.22
18.04.2018	8046.5
19.04.2018	8063.28
20.04.2018	8219.44
21.04.2018	8453.89
22.04.2018	8811.07
23.04.2018	8897.07
24.04.2018	8899.31
25.04.2018	9320.22
26.04.2018	9224.06
27.04.2018	8888.48
28.04.2018	9217.62
29.04.2018	9244.94
30.04.2018	9358.85
01.05.2018	9295.23
02.05.2018	8993.58
03.05.2018	9113.3
04.05.2018	9376.89
05.05.2018	9661.22
06.05.2018	9833.24
07.05.2018	9642.74
08.05.2018	9352.53
09.05.2018	9267.95
10.05.2018	9197.15
11.05.2018	9270.71
12.05.2018	8709.88
13.05.2018	8427.91
14.05.2018	8553.57
15.05.2018	8581.9
16.05.2018	8640.73
17.05.2018	8280.66
18.05.2018	8278.66
19.05.2018	8105.39
20.05.2018	8254.03
21.05.2018	8357.69
22.05.2018	8453.93
23.05.2018	8235.9
24.05.2018	7788.86
25.05.2018	7536.96
26.05.2018	7488.3
27.05.2018	7495.52
28.05.2018	7323.39
29.05.2018	7254.85
30.05.2018	7297.64
31.05.2018	7438.15
01.06.2018	7503.72
02.06.2018	7484.78
03.06.2018	7602.45
04.06.2018	7692.15
05.06.2018	7578.55
06.06.2018	7497.56
07.06.2018	7607.2
08.06.2018	7695.98
09.06.2018	7631.13
10.06.2018	7631.04
11.06.2018	7136.12
12.06.2018	6763.6
13.06.2018	6762.47
14.06.2018	6448.11
15.06.2018	6504.88
16.06.2018	6554.5
17.06.2018	6470.82
18.06.2018	6516.02
19.06.2018	6530.45
20.06.2018	6725.6
21.06.2018	6686.08
22.06.2018	6740.2
23.06.2018	6368.06
24.06.2018	6136.58
25.06.2018	6035.6
26.06.2018	6207.7
27.06.2018	6210.62
28.06.2018	6106.8
29.06.2018	6093.67
30.06.2018	5923.32
01.07.2018	6369.27
02.07.2018	6354.46
03.07.2018	6457.68
04.07.2018	6602.28
05.07.2018	6583.88
06.07.2018	6591.43
07.07.2018	6551.59
08.07.2018	6590.53
09.07.2018	6753.23
10.07.2018	6717.42
11.07.2018	6490.62
12.07.2018	6365.93
13.07.2018	6231.49
14.07.2018	6245.02
15.07.2018	6241.93
16.07.2018	6322.78
17.07.2018	6522.3
18.07.2018	6877.29
19.07.2018	7402.39
20.07.2018	7389.53
21.07.2018	7423.37
22.07.2018	7350.87
23.07.2018	7453.17
24.07.2018	7682.19
25.07.2018	8072.93
26.07.2018	8254.61
27.07.2018	8200.21
28.07.2018	8023.64
29.07.2018	8182.14
30.07.2018	8207.5
31.07.2018	8140.7
01.08.2018	7921.44
02.08.2018	7574.17
03.08.2018	7591.66
04.08.2018	7396.59
05.08.2018	7254.06
06.08.2018	7001.3
07.08.2018	6993.32
08.08.2018	6991.22
09.08.2018	6448.97
10.08.2018	6396.37
11.08.2018	6405.77
12.08.2018	6193.4
13.08.2018	6310.19
14.08.2018	6348.5
15.08.2018	6057.9
16.08.2018	6371.92
17.08.2018	6347.74
18.08.2018	6465.06
19.08.2018	6450.92
20.08.2018	6401.24
21.08.2018	6446.63
22.08.2018	6403.33
23.08.2018	6582.44
24.08.2018	6437.41
25.08.2018	6554.24
26.08.2018	6719.61
27.08.2018	6676.95
28.08.2018	6720.03
29.08.2018	6991.33
30.08.2018	7053.47
31.08.2018	6934.05
01.09.2018	6982.98
02.09.2018	7102.3
03.09.2018	7243.58
04.09.2018	7263.75
05.09.2018	7324.44
06.09.2018	7133.28
07.09.2018	6437.31
08.09.2018	6454.32
09.09.2018	6375.23
10.09.2018	6302.95
11.09.2018	6299.58
12.09.2018	6302.29
13.09.2018	6280.4
14.09.2018	6447.73
15.09.2018	6504.68
16.09.2018	6523.09
17.09.2018	6492.63
18.09.2018	6406.76
19.09.2018	6302.83
20.09.2018	6345.14
21.09.2018	6417.94
22.09.2018	6662.99
23.09.2018	6712.92
24.09.2018	6712.15
25.09.2018	6643.98
26.09.2018	6423.53
27.09.2018	6471.01
28.09.2018	6530.34
29.09.2018	6676.13
30.09.2018	6559.86
01.10.2018	6601.61
02.10.2018	6600.3
03.10.2018	6567.79
04.10.2018	6475.03
05.10.2018	6572.98
06.10.2018	6575.81
07.10.2018	6588.16
08.10.2018	6565.9
09.10.2018	6620.14
10.10.2018	6629.48
11.10.2018	6569.85
12.10.2018	6274.91
13.10.2018	6270.23
14.10.2018	6277.89
15.10.2018	6328.17
16.10.2018	6509.79
17.10.2018	6545.88
18.10.2018	6519.47
19.10.2018	6509.41
20.10.2018	6467.15
21.10.2018	6490.4
22.10.2018	6523.43
23.10.2018	6481.04
24.10.2018	6483.53
25.10.2018	6515.15
26.10.2018	6485.97
27.10.2018	6477.13
28.10.2018	6476.32
29.10.2018	6476.09
30.10.2018	6396.96
31.10.2018	6319.47
01.11.2018	6319.77
02.11.2018	6350.71
03.11.2018	6397.53
04.11.2018	6371.1
05.11.2018	6397.46
06.11.2018	6430.64
07.11.2018	6428.01
08.11.2018	6534.81
09.11.2018	6490.9
10.11.2018	6425.71
11.11.2018	6411.7
12.11.2018	6399.03
13.11.2018	6417.32
14.11.2018	6400.17
15.11.2018	6162.22
16.11.2018	5612.81
17.11.2018	5618.53
18.11.2018	5580.01
19.11.2018	5620.2
20.11.2018	5277.84
21.11.2018	4629.09
22.11.2018	4528.99
23.11.2018	4534.66
24.11.2018	4322.84
25.11.2018	4304.14
26.11.2018	3850.26
27.11.2018	3930.07
28.11.2018	3775.8
29.11.2018	4116.45
30.11.2018	4268.57
01.12.2018	4127.3
02.12.2018	4139.13
03.12.2018	4190.53
04.12.2018	4001.04
05.12.2018	3973.22
06.12.2018	3890.72
07.12.2018	3757.86
08.12.2018	3415.97
09.12.2018	3442.08
10.12.2018	3564.51
11.12.2018	3547.51
12.12.2018	3433.8
13.12.2018	3481.88
14.12.2018	3425.05
15.12.2018	3298.89
16.12.2018	3236.72
17.12.2018	3294.84
18.12.2018	3395.92
19.12.2018	3569.7
20.12.2018	3813.69
21.12.2018	3983.01
22.12.2018	4022.91
23.12.2018	3906.52
24.12.2018	4028.51
25.12.2018	4166.01
26.12.2018	3823.04
27.12.2018	3826.13
28.12.2018	3758.42
29.12.2018	3738.65
30.12.2018	3908.58
31.12.2018	3830.08
01.01.2019	3796.71
02.01.2019	3749.58
03.01.2019	3845.97
04.01.2019	3847.28
05.01.2019	3814.31
06.01.2019	3868.6
07.01.2019	3910.21
08.01.2019	4039.81
09.01.2019	4026.27
10.01.2019	4028.4
11.01.2019	3822.94
12.01.2019	3661.36
13.01.2019	3658.29
14.01.2019	3615.31
15.01.2019	3605.31
16.01.2019	3665.91
17.01.2019	3625.01
18.01.2019	3621.46
19.01.2019	3633.57
20.01.2019	3696.01
21.01.2019	3627.33
22.01.2019	3554.3
23.01.2019	3569.12
24.01.2019	3588.62
25.01.2019	3571.46
26.01.2019	3578.23
27.01.2019	3599.82
28.01.2019	3577.53
29.01.2019	3462.21
30.01.2019	3414.53
31.01.2019	3443.39
01.02.2019	3443.72
02.02.2019	3435.53
03.02.2019	3450.77
04.02.2019	3457.24
05.02.2019	3436.57
06.02.2019	3437.24
07.02.2019	3396.52
08.02.2019	3390.84
09.02.2019	3470.72
10.02.2019	3640.16
11.02.2019	3631.24
12.02.2019	3610.54
13.02.2019	3596.21
14.02.2019	3598.72
15.02.2019	3582.7
16.02.2019	3587.5
17.02.2019	3607.27
18.02.2019	3610.69
19.02.2019	3779.04
20.02.2019	3924.61
21.02.2019	3935.45
22.02.2019	3929.22
23.02.2019	3946.84
24.02.2019	4007.33
25.02.2019	4016.09
26.02.2019	3816.51
27.02.2019	3820.82
28.02.2019	3817.13
01.03.2019	3831.8
02.03.2019	3830.92
03.03.2019	3834.99
04.03.2019	3828.3
05.03.2019	3722
06.03.2019	3838
07.03.2019	3871.05
08.03.2019	3873.17
09.03.2019	3862.423
10.03.2019	3927.1748
11.03.2019	3920.537
12.03.2019	3872.5066
13.03.2019	3882.4272
14.03.2019	3868.1091
15.03.2019	3877.8809
16.03.2019	3924.6606
17.03.2019	4005.9946
18.03.2019	3979.052
19.03.2019	3984.0051
20.03.2019	4014.275
21.03.2019	4054.9812
22.03.2019	3980.7412
23.03.2019	3989.1584
24.03.2019	4007.369
25.03.2019	3991.1096
26.03.2019	3928.5308
27.03.2019	3943.3235
28.03.2019	4033.7576
29.03.2019	4028.5127
30.03.2019	4101.1006
31.03.2019	4118.0386
01.04.2019	4101.1143
02.04.2019	4151.2285
03.04.2019	4875.0317
04.04.2019	4928.172
05.04.2019	4906.0166
06.04.2019	5012.283
07.04.2019	5057.066
08.04.2019	5168.5137
09.04.2019	5237.3784
10.04.2019	5171.2163
11.04.2019	5306.226
12.04.2019	5027.89
13.04.2019	5072.635
14.04.2019	5068.345
15.04.2019	5161.455
16.04.2019	5048.7656
17.04.2019	5215.5083
18.04.2019	5218.9937
19.04.2019	5272.57
20.04.2019	5289.22
21.04.2019	5306.89
22.04.2019	5301.23
23.04.2019	5360.41
24.04.2019	5544.39
25.04.2019	5455.03
26.04.2019	5187.55
27.04.2019	5263.52
28.04.2019	5261.06
29.04.2019	5259.84
30.04.2019	5231.6
01.05.2019	5301.13
02.05.2019	5358.35
03.05.2019	5443.14
04.05.2019	5723.94
05.05.2019	5804.82
06.05.2019	5757.43
07.05.2019	5768.14
08.05.2019	5796.59
09.05.2019	5975.09
10.05.2019	6176.41
11.05.2019	6370.51
12.05.2019	7255.6
13.05.2019	6897.28
14.05.2019	7788.58
15.05.2019	7982.77
16.05.2019	8180.21
17.05.2019	7912.68
18.05.2019	7396.72
19.05.2019	7279.37
20.05.2019	8129.22
21.05.2019	7992.22
22.05.2019	7985.62
23.05.2019	7636.83
24.05.2019	7867.67
25.05.2019	7982.58
26.05.2019	8048.82
27.05.2019	8671.58
28.05.2019	8793.35
29.05.2019	8695.5
30.05.2019	8637.09
31.05.2019	8345.53
01.06.2019	8545.74
02.06.2019	8577.74
03.06.2019	8741.92
04.06.2019	8131.88
05.06.2019	7786.13
06.06.2019	7800.41
07.06.2019	7822.3
08.06.2019	8012.41
09.06.2019	7944.93
10.06.2019	7653.62
11.06.2019	8001.98
12.06.2019	7918.51
13.06.2019	8147.33
14.06.2019	8244.82
15.06.2019	8678.71
16.06.2019	8810.06
17.06.2019	8983.21
18.06.2019	9317.54
19.06.2019	9102.46
20.06.2019	9285.56
21.06.2019	9585.65
22.06.2019	10103.72
23.06.2019	10687.02
24.06.2019	10866.76
25.06.2019	11042.99
26.06.2019	11813.16
27.06.2019	13025.63
28.06.2019	11406.47
29.06.2019	12386.92
30.06.2019	11956.07
01.07.2019	10805.73
02.07.2019	10612.56
03.07.2019	10820.97
04.07.2019	11988.68
05.07.2019	11251.24
06.07.2019	11059.74
07.07.2019	11171.12
08.07.2019	11452.14
09.07.2019	12292.13
10.07.2019	12566.38
11.07.2019	12018.83
12.07.2019	11308.86
13.07.2019	11794.45
14.07.2019	11375.51
15.07.2019	10112.27
16.07.2019	10954.35
17.07.2019	9589.44
18.07.2019	9669.8
19.07.2019	10581.32
20.07.2019	10538.11
21.07.2019	10770.97
22.07.2019	10589.45
23.07.2019	10330.14
24.07.2019	9910.68
25.07.2019	9748.12
26.07.2019	9875.04
27.07.2019	10150.07
28.07.2019	9415.51
29.07.2019	9534.21
30.07.2019	9529.05
31.07.2019	9576.18
01.08.2019	10110.28
02.08.2019	10389.89
03.08.2019	10521.34
04.08.2019	10795.27
05.08.2019	10956.3
06.08.2019	11754.11
07.08.2019	11502.92
08.08.2019	11934.36
09.08.2019	11997.13
10.08.2019	11857.87
11.08.2019	11326.49
12.08.2019	11502.98
13.08.2019	11371.38
14.08.2019	10870.76
15.08.2019	10039.25
16.08.2019	10316.64
17.08.2019	10301.09
18.08.2019	10258.85
19.08.2019	10312.22
20.08.2019	10921.27
21.08.2019	10733.74
22.08.2019	10179.99
23.08.2019	10101.93
24.08.2019	10397.11
25.08.2019	10157.82
26.08.2019	10128.11
27.08.2019	10338.72
28.08.2019	10217.53
29.08.2019	9745.63
30.08.2019	9505.68
31.08.2019	9590.36
01.09.2019	9603.24
02.09.2019	9708.46
03.09.2019	10335.94
04.09.2019	10598.83
05.09.2019	10539.11
06.09.2019	10576.05
07.09.2019	10315.02
08.09.2019	10466.55
09.09.2019	10392.19
10.09.2019	10312.41
11.09.2019	10095.85
12.09.2019	10157.59
13.09.2019	10416.93
14.09.2019	10360.08
15.09.2019	10347.6
16.09.2019	10309.61
17.09.2019	10228.45
18.09.2019	10209.77
19.09.2019	10154.23
20.09.2019	10256.56
21.09.2019	10177.38
22.09.2019	9989.05
23.09.2019	10026.91
24.09.2019	9696.57
25.09.2019	8681.79
26.09.2019	8462.76
27.09.2019	8095.18
28.09.2019	8182.78
29.09.2019	8246.69
30.09.2019	8053.96
01.10.2019	8279.07
02.10.2019	8316.5
03.10.2019	8377.69
04.10.2019	8268.5
05.10.2019	8149.69
06.10.2019	8157.7
07.10.2019	7872.74
08.10.2019	8200.58
09.10.2019	8180.54
10.10.2019	8557.25
11.10.2019	8565.77
12.10.2019	8290.94
13.10.2019	8296.7
14.10.2019	8255
15.10.2019	8361.53
16.10.2019	8174.54
17.10.2019	8001.68
18.10.2019	8063.82
19.10.2019	7956.88
20.10.2019	7942.52
21.10.2019	8208.36
22.10.2019	8205.3
23.10.2019	8037.43
24.10.2019	7470.41
25.10.2019	7435.01
26.10.2019	8651.35
27.10.2019	9220.18
28.10.2019	9529.95
29.10.2019	9217.14
30.10.2019	9395.56
31.10.2019	9180.6
01.11.2019	9159.78
02.11.2019	9252.84
03.11.2019	9315.17
04.11.2019	9212.14
05.11.2019	9371.13
06.11.2019	9309.31
07.11.2019	9340.05
08.11.2019	9204.6
09.11.2019	8781.77
10.11.2019	8812.28
11.11.2019	9020.47
12.11.2019	8729.92
13.11.2019	8786.85
14.11.2019	8770.78
15.11.2019	8651.98
16.11.2019	8478.49
17.11.2019	8500.14
18.11.2019	8508.5
19.11.2019	8191.42
20.11.2019	8130.13
21.11.2019	8094.46
22.11.2019	7655.09
23.11.2019	7295.6
24.11.2019	7309.69
25.11.2019	6935.11
26.11.2019	7130.38
27.11.2019	7157.7
28.11.2019	7514.98
29.11.2019	7439.6
30.11.2019	7734.77
01.12.2019	7524.02
02.12.2019	7405.22
03.12.2019	7319.87
04.12.2019	7286.29
05.12.2019	7218.21
06.12.2019	7375.55
07.12.2019	7540.49
08.12.2019	7494.62
09.12.2019	7507.97
10.12.2019	7347.91
11.12.2019	7226.27
12.12.2019	7197.42
13.12.2019	7207.68
14.12.2019	7239.87
15.12.2019	7046.13
16.12.2019	7108.88
17.12.2019	6899.13
18.12.2019	6627.16
19.12.2019	7271.56
20.12.2019	7156.45
21.12.2019	7185.44
22.12.2019	7138.87
23.12.2019	7488.2
24.12.2019	7315.88
25.12.2019	7268.86
26.12.2019	7208.81
27.12.2019	7195.76
28.12.2019	7253.81
29.12.2019	7304.16
30.12.2019	7340.81
31.12.2019	7242.77
01.01.2020	7195.15
02.01.2020	7194.41
03.01.2020	6963.85
04.01.2020	7319.41
05.01.2020	7371.5
06.01.2020	7349.97
07.01.2020	7734.68
08.01.2020	8280.57
09.01.2020	8027.56
10.01.2020	7832.8
11.01.2020	8180.51
12.01.2020	7972.94
13.01.2020	8160.01
14.01.2020	8108.44
15.01.2020	8801.87
16.01.2020	8820.85
17.01.2020	8716.75
18.01.2020	8883.98
19.01.2020	8906.9
20.01.2020	8700.56
21.01.2020	8622.41
22.01.2020	8716.64
23.01.2020	8665.44
24.01.2020	8382.37
25.01.2020	8432.1
26.01.2020	8333.37
27.01.2020	8634.72
28.01.2020	8899.69
29.01.2020	9336.81
30.01.2020	9280.29
31.01.2020	9477.26
01.02.2020	9330.83
02.02.2020	9357.81
03.02.2020	9321.98
04.02.2020	9304.86
05.02.2020	9182.73
06.02.2020	9585.98
07.02.2020	9744.64
08.02.2020	9806.27
09.02.2020	9889.45
10.02.2020	10157.08
11.02.2020	9882.94
12.02.2020	10228.71
13.02.2020	10328.9
14.02.2020	10221.26
15.02.2020	10353.26
16.02.2020	9879.28
17.02.2020	9943.67
18.02.2020	9723.29
19.02.2020	10155.32
20.02.2020	9625.62
21.02.2020	9608.17
22.02.2020	9659.14
23.02.2020	9656
24.02.2020	9955.9
25.02.2020	9672.45
26.02.2020	9350.21
27.02.2020	8653.96
28.02.2020	8804.54
29.02.2020	8705.5
01.03.2020	8547.97
02.03.2020	8555.23
03.03.2020	8905.88
04.03.2020	8752.8
05.03.2020	8757.51
06.03.2020	9047.88
07.03.2020	9135.85
08.03.2020	8902.2
09.03.2020	8126.33
10.03.2020	7954.51
11.03.2020	7906.73
12.03.2020	7935.52
13.03.2020	5142.99
14.03.2020	5461.54
15.03.2020	5171.15
16.03.2020	5397.93
17.03.2020	5032.5
18.03.2020	5389.42
19.03.2020	5368.04
20.03.2020	6225.09
21.03.2020	6168.54
22.03.2020	6145.77
23.03.2020	5937.38
24.03.2020	6469.06
25.03.2020	6730.17
26.03.2020	6701.07
27.03.2020	6765.56
28.03.2020	6397.83
29.03.2020	6268.65
30.03.2020	5915.34
31.03.2020	6403.14
01.04.2020	6435.16
02.04.2020	6638.92
03.04.2020	6745.43
04.04.2020	6732.85
05.04.2020	6861.03
06.04.2020	6782.8
07.04.2020	7297.64
08.04.2020	7196.89
09.04.2020	7317.72
10.04.2020	7290.64
11.04.2020	6895.72
12.04.2020	6906.06
13.04.2020	6907.73
14.04.2020	6857.54
15.04.2020	6834.39
16.04.2020	6629.43
17.04.2020	7059.93
18.04.2020	7034.29
19.04.2020	7238.07
20.04.2020	7127.11
21.04.2020	6851.6
22.04.2020	6841.12
23.04.2020	7106.18
24.04.2020	7392.49
25.04.2020	7498.29
26.04.2020	7538.73
27.04.2020	7710.66
28.04.2020	7775.9
29.04.2020	7761.06
30.04.2020	8706.31
01.05.2020	8640.02
02.05.2020	8829.51
03.05.2020	8969.88
04.05.2020	8892.65
05.05.2020	8885.6
06.05.2020	9003.57
07.05.2020	9195.72
08.05.2020	9922.86
09.05.2020	9821.81
10.05.2020	9566.89
11.05.2020	8752.62
12.05.2020	8604.75
13.05.2020	8787.21
14.05.2020	9301.47
15.05.2020	9796.49
16.05.2020	9309.3
17.05.2020	9375.3
18.05.2020	9642.39
19.05.2020	9605.09
20.05.2020	9755.21
21.05.2020	9525.6
22.05.2020	9059.96
23.05.2020	9153.34
24.05.2020	9144.02
25.05.2020	8808.82
26.05.2020	8883.74
27.05.2020	8836.78
28.05.2020	9174.67
29.05.2020	9546.03
30.05.2020	9404.3
31.05.2020	9654.94
01.06.2020	9471.82
02.06.2020	10163.96
03.06.2020	9515.24
04.06.2020	9645.23
05.06.2020	9792.57
06.06.2020	9642.27
07.06.2020	9670.32
08.06.2020	9742.76
09.06.2020	9773.3
10.06.2020	9757.7
11.06.2020	9885.96
12.06.2020	9301.98
13.06.2020	9471.61
14.06.2020	9471.21
15.06.2020	9345.96
16.06.2020	9431.72
17.06.2020	9525.61
18.06.2020	9441.85
19.06.2020	9367.14
20.06.2020	9323.76
21.06.2020	9365.35
22.06.2020	9294.22
23.06.2020	9678.68
24.06.2020	9624.68
25.06.2020	9292.89
26.06.2020	9214.64
27.06.2020	9162.18
28.06.2020	9029.79
29.06.2020	9131.98
30.06.2020	9193.71
01.07.2020	9139.51
02.07.2020	9245.89
03.07.2020	9086.49
04.07.2020	9071.39
05.07.2020	9132.91
06.07.2020	9084.66
07.07.2020	9334.26
08.07.2020	9253.63
09.07.2020	9403.43
10.07.2020	9236.33
11.07.2020	9282.76
12.07.2020	9254.77
13.07.2020	9305.58
14.07.2020	9231.81
15.07.2020	9247.06
16.07.2020	9199.28
17.07.2020	9131.69
18.07.2020	9163.31
19.07.2020	9178.86
20.07.2020	9202.62
21.07.2020	9163.35
22.07.2020	9375.2
23.07.2020	9517.29
24.07.2020	9584.24
25.07.2020	9535.94
26.07.2020	9679.29
27.07.2020	9920.32
28.07.2020	11189.36
29.07.2020	10953.64
30.07.2020	11024.69
31.07.2020	11095.67
01.08.2020	11260.72
02.08.2020	11817.34
03.08.2020	11019.46
04.08.2020	11226.04
05.08.2020	11196.79
06.08.2020	11774.94
07.08.2020	11768.13
08.08.2020	11597.34
09.08.2020	11763.93
10.08.2020	11682.85
11.08.2020	11863.89
12.08.2020	11400.57
13.08.2020	11588.72
14.08.2020	11765.19
15.08.2020	11825.44
16.08.2020	11864.91
17.08.2020	11831.68
18.08.2020	12272.81
19.08.2020	11959.92
20.08.2020	11791.02
21.08.2020	11870.63
22.08.2020	11521.22
23.08.2020	11676.39
24.08.2020	11596.38
25.08.2020	11757.64
26.08.2020	11296.45
27.08.2020	11457.81
28.08.2020	11312.08
29.08.2020	11520.4
30.08.2020	11470.84
31.08.2020	11701
01.09.2020	11587.33
02.09.2020	11895.23
03.09.2020	11382.88
04.09.2020	10159.18
05.09.2020	10495.64
06.09.2020	10226.24
07.09.2020	10260.02
08.09.2020	10391.31
09.09.2020	10134.46
10.09.2020	10238.19
11.09.2020	10363.19
12.09.2020	10375.19
13.09.2020	10421.35
14.09.2020	10334.87
15.09.2020	10652.98
16.09.2020	10742.5
17.09.2020	10941.42
18.09.2020	10956.23
19.09.2020	10941.72
20.09.2020	11071.77
21.09.2020	10947.87
22.09.2020	10430.93
23.09.2020	10527.25
24.09.2020	10219.31
25.09.2020	10726.53
26.09.2020	10684.37
27.09.2020	10728.6
28.09.2020	10765.3
29.09.2020	10701.57
30.09.2020	10839.06
01.10.2020	10777.82
02.10.2020	10627.98
03.10.2020	10556.26
04.10.2020	10548.82
05.10.2020	10716.69
06.10.2020	10790.15
07.10.2020	10608.79
08.10.2020	10672.16
09.10.2020	10918.68
10.10.2020	11056.09
11.10.2020	11296.8
12.10.2020	11344.73
13.10.2020	11543.71
14.10.2020	11424.81
15.10.2020	11410.37
16.10.2020	11478.33
17.10.2020	11316.5
18.10.2020	11357.92
19.10.2020	11498.96
20.10.2020	11752.15
21.10.2020	11966.73
22.10.2020	12806.94
23.10.2020	12961.59
24.10.2020	12929.44
25.10.2020	13089.4
26.10.2020	13023.35
27.10.2020	13062.81
28.10.2020	13679.87
29.10.2020	13275.88
30.10.2020	13441.88
31.10.2020	13546.27
01.11.2020	13831.63
02.11.2020	13777.59
03.11.2020	13558.36
04.11.2020	13986.42
05.11.2020	14150.55
06.11.2020	15759.64
07.11.2020	15548.31
08.11.2020	14738.72
09.11.2020	15478.62
10.11.2020	15291.19
11.11.2020	15278.71
12.11.2020	15693.1
13.11.2020	16261.97
14.11.2020	16284.63
15.11.2020	16074.65
16.11.2020	15930.29
17.11.2020	16746.66
18.11.2020	17639.64
19.11.2020	17629.16
20.11.2020	17896.1
21.11.2020	18628.81
22.11.2020	18674.37
23.11.2020	18420.95
24.11.2020	18357.77
25.11.2020	19091.52
26.11.2020	18753.48
27.11.2020	17070.61
28.11.2020	17104.99
29.11.2020	17725.46
30.11.2020	18157.22
01.12.2020	19609.52
02.12.2020	18821.29
03.12.2020	19223.48
04.12.2020	19419.85
05.12.2020	18760.84
06.12.2020	19233.94
07.12.2020	19317.22
08.12.2020	19197.26
09.12.2020	18292.99
10.12.2020	18529.44
11.12.2020	18262.06
12.12.2020	18157.02
13.12.2020	19267.95
14.12.2020	19151.1
15.12.2020	19259.97
16.12.2020	19396.99
17.12.2020	21318
18.12.2020	22800
19.12.2020	23048
20.12.2020	23864
21.12.2020	23595
22.12.2020	22862
23.12.2020	23842
24.12.2020	23308
25.12.2020	23667
26.12.2020	24672
27.12.2020	26484
28.12.2020	26326
29.12.2020	27125
30.12.2020	27425
31.12.2020	29260
01.01.2021	29022
02.01.2021	29335
03.01.2021	32152
04.01.2021	33055
05.01.2021	31538
06.01.2021	34042
07.01.2021	36934
08.01.2021	39567
09.01.2021	41078
10.01.2021	40431
11.01.2021	37897
12.01.2021	35670
13.01.2021	34064
14.01.2021	37414
15.01.2021	39399
16.01.2021	36887
17.01.2021	35888
18.01.2021	35763
19.01.2021	36595
20.01.2021	35808
21.01.2021	35363
22.01.2021	30536
23.01.2021	32526
24.01.2021	32016
25.01.2021	32274
26.01.2021	32223
27.01.2021	32582
28.01.2021	30077
29.01.2021	33128
30.01.2021	34639
31.01.2021	34077
01.02.2021	33065
02.02.2021	33423
03.02.2021	35486
04.02.2021	37809
05.02.2021	36845
06.02.2021	38373
07.02.2021	39282
08.02.2021	38779
09.02.2021	46503
10.02.2021	46567
11.02.2021	44639
12.02.2021	47927
13.02.2021	47414
14.02.2021	46941
15.02.2021	48824
16.02.2021	47701
17.02.2021	49238
18.02.2021	52354
19.02.2021	51727
20.02.2021	56084
21.02.2021	55926
22.02.2021	57064
23.02.2021	54304
24.02.2021	48963
25.02.2021	49849
26.02.2021	46937
27.02.2021	46551
28.02.2021	46223
01.03.2021	46799
02.03.2021	50045
03.03.2021	48532
04.03.2021	50202
05.03.2021	47973
06.03.2021	49092
07.03.2021	49178
08.03.2021	51313
09.03.2021	52487
10.03.2021	54964
11.03.2021	56062
12.03.2021	57900
13.03.2021	57166
14.03.2021	61200
15.03.2021	59136
16.03.2021	55861
17.03.2021	57141
18.03.2021	59384
19.03.2021	57582
20.03.2021	58290
21.03.2021	58122
22.03.2021	57300
23.03.2021	54404
24.03.2021	53893
25.03.2021	52353
26.03.2021	51962
27.03.2021	55349
28.03.2021	55839
29.03.2021	55857
30.03.2021	57662
31.03.2021	58853
01.04.2021	58725
02.04.2021	58754
03.04.2021	58997
04.04.2021	56992
05.04.2021	58229
06.04.2021	59439
07.04.2021	57983
08.04.2021	55990
09.04.2021	58091
10.04.2021	58139
11.04.2021	59742
12.04.2021	60148
13.04.2021	59882
14.04.2021	63484
15.04.2021	63334
16.04.2021	63215
17.04.2021	61433
18.04.2021	60096
19.04.2021	57020
20.04.2021	55618
21.04.2021	56737
22.04.2021	53840
23.04.2021	51966
24.04.2021	51141
25.04.2021	50068
26.04.2021	49038
27.04.2021	54018
28.04.2021	55194
29.04.2021	54819
30.04.2021	53428
01.05.2021	58121
02.05.2021	57590
03.05.2021	56601
04.05.2021	57153
05.05.2021	53464
06.05.2021	57410
07.05.2021	56508
08.05.2021	57342
09.05.2021	58850
10.05.2021	58214
11.05.2021	55902
12.05.2021	56929
13.05.2021	48383
14.05.2021	50028
15.05.2021	49906
16.05.2021	46781
17.05.2021	46160
18.05.2021	44251
19.05.2021	42946
20.05.2021	37287
21.05.2021	40904
22.05.2021	37400
23.05.2021	37264
24.05.2021	35197
25.05.2021	39128
26.05.2021	38382
27.05.2021	39467
28.05.2021	38491
29.05.2021	35976
30.05.2021	34684
31.05.2021	35497
01.06.2021	37441
02.06.2021	36715
03.06.2021	37651
04.06.2021	39400
05.06.2021	36913
06.06.2021	35636
07.06.2021	35814
08.06.2021	33468
09.06.2021	33489
10.06.2021	37452
11.06.2021	36692
12.06.2021	37273
13.06.2021	35649
14.06.2021	39150
15.06.2021	40637
16.06.2021	40365
17.06.2021	38416
18.06.2021	38193
19.06.2021	35818
20.06.2021	35455
21.06.2021	35781
22.06.2021	32121
23.06.2021	31890
24.06.2021	33662
25.06.2021	34765
26.06.2021	31495
27.06.2021	32598
28.06.2021	34650
29.06.2021	34574
30.06.2021	35847
01.07.2021	34996
02.07.2021	33596
03.07.2021	33826
04.07.2021	34791
05.07.2021	35394
06.07.2021	33906
07.07.2021	34319
08.07.2021	33883
09.07.2021	32934
10.07.2021	33947
11.07.2021	33749
12.07.2021	34300
13.07.2021	33072
14.07.2021	32789
15.07.2021	32874
16.07.2021	31807
17.07.2021	31439
18.07.2021	31612
19.07.2021	31914
20.07.2021	30982
21.07.2021	29962
22.07.2021	32324
23.07.2021	32398
24.07.2021	33500
25.07.2021	34297
26.07.2021	35492
27.07.2021	37064
28.07.2021	39181
29.07.2021	39980
30.07.2021	40019
31.07.2021	42048
01.08.2021	41719
02.08.2021	39981
03.08.2021	39279
04.08.2021	38226
05.08.2021	39741
06.08.2021	40801
07.08.2021	42815
08.08.2021	44648
09.08.2021	43642
10.08.2021	46348
11.08.2021	45531
12.08.2021	45655
13.08.2021	44675
14.08.2021	47699
15.08.2021	47166
16.08.2021	47025
17.08.2021	45928
18.08.2021	44534
19.08.2021	44789
20.08.2021	46746
21.08.2021	49168
22.08.2021	48911
23.08.2021	49362
24.08.2021	49420
25.08.2021	47697
26.08.2021	49006
27.08.2021	47152
28.08.2021	49088
29.08.2021	49040
30.08.2021	48892
31.08.2021	47078
01.09.2021	47063
02.09.2021	48872
03.09.2021	49300
04.09.2021	49990
05.09.2021	49921
06.09.2021	51781
07.09.2021	52774
08.09.2021	47056
09.09.2021	46215
10.09.2021	46569
11.09.2021	44982
12.09.2021	45262
13.09.2021	46292
14.09.2021	45042
15.09.2021	47158
16.09.2021	48185
17.09.2021	47873
18.09.2021	47464
19.09.2021	48373
20.09.2021	47154
21.09.2021	43017
22.09.2021	40489
23.09.2021	43602
24.09.2021	45043
25.09.2021	42872
26.09.2021	42778
27.09.2021	43323
28.09.2021	41949
29.09.2021	41003
30.09.2021	41656
01.10.2021	44005
02.10.2021	48214
03.10.2021	47886
04.10.2021	48192
05.10.2021	49290
06.10.2021	51627
07.10.2021	55348
08.10.2021	53892
09.10.2021	53967
10.10.2021	55044
11.10.2021	54853
12.10.2021	57586
13.10.2021	56296
14.10.2021	57562
15.10.2021	57450
16.10.2021	61741
17.10.2021	61006
18.10.2021	61584
19.10.2021	62368
20.10.2021	64637
21.10.2021	66103
22.10.2021	62720
23.10.2021	61001
24.10.2021	61602
25.10.2021	61173
26.10.2021	63182
27.10.2021	60729
28.10.2021	58624
29.10.2021	60765
30.10.2021	62376
31.10.2021	61893
01.11.2021	61412
02.11.2021	61051
03.11.2021	63283
04.11.2021	63055
05.11.2021	61649
06.11.2021	61247
07.11.2021	61673
08.11.2021	63433
09.11.2021	67492
10.11.2021	67087
11.11.2021	65061
12.11.2021	64947
13.11.2021	64425
14.11.2021	64661
15.11.2021	65858
16.11.2021	63934
17.11.2021	60449
18.11.2021	60613
19.11.2021	57262
20.11.2021	58942
21.11.2021	59950
22.11.2021	59148
23.11.2021	56348
24.11.2021	57749
25.11.2021	57347
26.11.2021	58844
27.11.2021	53865
28.11.2021	54724
29.11.2021	57349
30.11.2021	57849
01.12.2021	57003
02.12.2021	57162
03.12.2021	56565
04.12.2021	53445
05.12.2021	49162
06.12.2021	49370
07.12.2021	50645
08.12.2021	50648
09.12.2021	50799
10.12.2021	47874
11.12.2021	47304
12.12.2021	49252
13.12.2021	50142
14.12.2021	46631
15.12.2021	48306
16.12.2021	49049
17.12.2021	47719
18.12.2021	46079
19.12.2021	46904
20.12.2021	46883
21.12.2021	47123
22.12.2021	49051
23.12.2021	48745
24.12.2021	50901
25.12.2021	51051
26.12.2021	50493
27.12.2021	50960
28.12.2021	50686
29.12.2021	47725
30.12.2021	46876
31.12.2021	47394
01.01.2022	46288
02.01.2022	47649
03.01.2022	47315
04.01.2022	46531
05.01.2022	45873
06.01.2022	43647
07.01.2022	43201
08.01.2022	41647
09.01.2022	41642
10.01.2022	41991
11.01.2022	41870
12.01.2022	42746
13.01.2022	44010
14.01.2022	42672
15.01.2022	43121
16.01.2022	43140
17.01.2022	43150
18.01.2022	42357
19.01.2022	42317
20.01.2022	41752
21.01.2022	40706
22.01.2022	36643
23.01.2022	35244
24.01.2022	36311
25.01.2022	36463
26.01.2022	36935
27.01.2022	37068
28.01.2022	37367
29.01.2022	38005
30.01.2022	38254
31.01.2022	37836
01.02.2022	38516
02.02.2022	38718
03.02.2022	37052
04.02.2022	37302
05.02.2022	41633
06.02.2022	41494
07.02.2022	42353
08.02.2022	43978
09.02.2022	44166
10.02.2022	44422
11.02.2022	43334
12.02.2022	42437
13.02.2022	42283
14.02.2022	42172
15.02.2022	42616
16.02.2022	44444
17.02.2022	43937
18.02.2022	40570
19.02.2022	40056
20.02.2022	40180
21.02.2022	38433
22.02.2022	37107
23.02.2022	38335
24.02.2022	37397
25.02.2022	38389
26.02.2022	39311
27.02.2022	39194
28.02.2022	37842
01.03.2022	43363
02.03.2022	44514
03.03.2022	43881
04.03.2022	42495
05.03.2022	39090
06.03.2022	39466
07.03.2022	38470
08.03.2022	38076
09.03.2022	38744
10.03.2022	41897
11.03.2022	39414
12.03.2022	38773
13.03.2022	38904
14.03.2022	37826
15.03.2022	39662
16.03.2022	39350
17.03.2022	41127
18.03.2022	40987
19.03.2022	41818
20.03.2022	42248
21.03.2022	41343
22.03.2022	41062
23.03.2022	42370
24.03.2022	42899
25.03.2022	43936
26.03.2022	44378
27.03.2022	44497
28.03.2022	46684
29.03.2022	46995
30.03.2022	47355
31.03.2022	47031
01.04.2022	45550
02.04.2022	46188
03.04.2022	45918
04.04.2022	46435
05.04.2022	46627
06.04.2022	45557
07.04.2022	43218
08.04.2022	43488
09.04.2022	42332
10.04.2022	42806
11.04.2022	42111
12.04.2022	39599
13.04.2022	40101
14.04.2022	41258
15.04.2022	39959
16.04.2022	40530
17.04.2022	40457
18.04.2022	39750
19.04.2022	40873
20.04.2022	41498
21.04.2022	41384
22.04.2022	40358
23.04.2022	39784
24.04.2022	39555
25.04.2022	39486
26.04.2022	40484
27.04.2022	38146
28.04.2022	39224
29.04.2022	39742
30.04.2022	38651
01.05.2022	37765
02.05.2022	38502
03.05.2022	38559
04.05.2022	37847
05.05.2022	39754
06.05.2022	36630
07.05.2022	36076
08.05.2022	35572
09.05.2022	34050
10.05.2022	30321
11.05.2022	31112
12.05.2022	28913
13.05.2022	29126
14.05.2022	29310
15.05.2022	30200
16.05.2022	31254
17.05.2022	30046
18.05.2022	30614
19.05.2022	28887
20.05.2022	30082
21.05.2022	29293
22.05.2022	29481
23.05.2022	30351
24.05.2022	29259
25.05.2022	29647
26.05.2022	29623
27.05.2022	29347
28.05.2022	28638
29.05.2022	29060
30.05.2022	29493
31.05.2022	31684
01.06.2022	31836
02.06.2022	29817
03.06.2022	30488
04.06.2022	29767
05.06.2022	29851
06.06.2022	29918
07.06.2022	31373
08.06.2022	31248
09.06.2022	30229
10.06.2022	30087
11.06.2022	29176
12.06.2022	28432
13.06.2022	26672
14.06.2022	22617
15.06.2022	22177
16.06.2022	22575
17.06.2022	20457
18.06.2022	20514
19.06.2022	19000.43
20.06.2022	20553
21.06.2022	20637
22.06.2022	20689
23.06.2022	19975.62
24.06.2022	21071
25.06.2022	21261
26.06.2022	21506
27.06.2022	21070
28.06.2022	20751
29.06.2022	20290
30.06.2022	20120
01.07.2022	19627.97
02.07.2022	19269.71
03.07.2022	19270.23
04.07.2022	19310.23
05.07.2022	20233
06.07.2022	20188
07.07.2022	20568
08.07.2022	21598
09.07.2022	21767
10.07.2022	21584
11.07.2022	20854
12.07.2022	19966.92
13.07.2022	19367.81
14.07.2022	20375
15.07.2022	20507
16.07.2022	20850
17.07.2022	21176
18.07.2022	20813
19.07.2022	22443
20.07.2022	23339
21.07.2022	23291
22.07.2022	23143
23.07.2022	22700
24.07.2022	22484
25.07.2022	22656
26.07.2022	21330
27.07.2022	21254
28.07.2022	22914
29.07.2022	23869
30.07.2022	23858
31.07.2022	23659
01.08.2022	23327
02.08.2022	23321
03.08.2022	23017
04.08.2022	22860
05.08.2022	22668
06.08.2022	23237
07.08.2022	22974
08.08.2022	23207
09.08.2022	23812
10.08.2022	23110
11.08.2022	24021
12.08.2022	23915
13.08.2022	24407
14.08.2022	24437
15.08.2022	24339
16.08.2022	24152
17.08.2022	23896
18.08.2022	23412
19.08.2022	23247
20.08.2022	20931
21.08.2022	21173
22.08.2022	21523
23.08.2022	21403
24.08.2022	21538
25.08.2022	21370
26.08.2022	21590
27.08.2022	20248
28.08.2022	20055
29.08.2022	19663.83
30.08.2022	20270
31.08.2022	19910.5
01.09.2022	20023
02.09.2022	20141
03.09.2022	19964.29
04.09.2022	19826.13
05.09.2022	19960.54
06.09.2022	19787.45
07.09.2022	18871.36
08.09.2022	19349.67
09.09.2022	19374.22
10.09.2022	21383
11.09.2022	21719
12.09.2022	21772
13.09.2022	22354
14.09.2022	20178
15.09.2022	20236
16.09.2022	19620.23
17.09.2022	19846.86
18.09.2022	20117
19.09.2022	19434.2
20.09.2022	19548.81
21.09.2022	18886.64
22.09.2022	18479.7
23.09.2022	19447.11
24.09.2022	19316.27
25.09.2022	18953.57
26.09.2022	18789.87
27.09.2022	19211.72
28.09.2022	19207.3
29.09.2022	19464.3
30.09.2022	19563.78
01.10.2022	19448.06
02.10.2022	19316.66
03.10.2022	19069.02
04.10.2022	19621.39
05.10.2022	20347
06.10.2022	20149
07.10.2022	20031
08.10.2022	19540.81
09.10.2022	19418.11
10.10.2022	19443.11
11.10.2022	19142.69
12.10.2022	19063.11
13.10.2022	19152.89
14.10.2022	19398.96
15.10.2022	19195.67
16.10.2022	19086.46
17.10.2022	19278.35
18.10.2022	19543.42
19.10.2022	19335.22
20.10.2022	19129.34
21.10.2022	19062.84
22.10.2022	19171.05
23.10.2022	19218.3
24.10.2022	19558.15
25.10.2022	19322.64
26.10.2022	20096
27.10.2022	20812
28.10.2022	20287
29.10.2022	20595
30.10.2022	20820
31.10.2022	20628
01.11.2022	20491
02.11.2022	20488
03.11.2022	20161
04.11.2022	20206
05.11.2022	21153
06.11.2022	21290
07.11.2022	20925
08.11.2022	20605
09.11.2022	18570.31
10.11.2022	15915.96
11.11.2022	17566.29
12.11.2022	17100.33
13.11.2022	16797.85
14.11.2022	16343.12
15.11.2022	16638.24
16.11.2022	16898.91
17.11.2022	16689.91
18.11.2022	16894.6
19.11.2022	16699.7
20.11.2022	16727.15
21.11.2022	16215.68
22.11.2022	15829.14
23.11.2022	16205.33
24.11.2022	16637.74
25.11.2022	16614.47
26.11.2022	16509.55
27.11.2022	16473.58
28.11.2022	16473.15
29.11.2022	16224.03
30.11.2022	16457.27
01.12.2022	17162.94
02.12.2022	16974.19
03.12.2022	17164.23
04.12.2022	16970.09
05.12.2022	17133.54
06.12.2022	17002.4
07.12.2022	17071.7
08.12.2022	16849.19
09.12.2022	17233.91
10.12.2022	17146.82
11.12.2022	17121.26
12.12.2022	17033.13
13.12.2022	17206.98
14.12.2022	17781.21
15.12.2022	17835.72
16.12.2022	17341.72
17.12.2022	16674.82
18.12.2022	16783.53
19.12.2022	16742.25
20.12.2022	16442.72
21.12.2022	16918.05
22.12.2022	16833.1
23.12.2022	16828.62
24.12.2022	16791.49
25.12.2022	16843.54
26.12.2022	16842.72
27.12.2022	16907.44
28.12.2022	16699.06
29.12.2022	16541.56
30.12.2022	16644.59
31.12.2022	16609.13
01.01.2023	16541.8
02.01.2023	16599.51
03.01.2023	16679.75
04.01.2023	16668.84
05.01.2023	16858.14
06.01.2023	16837.68
07.01.2023	16957.17
08.01.2023	16956.94
09.01.2023	17082.58
10.01.2023	17194.91
11.01.2023	17450.63
12.01.2023	17994.56
13.01.2023	18862.31
14.01.2023	19984.35
15.01.2023	20934
16.01.2023	20925
17.01.2023	21145
18.01.2023	21159
19.01.2023	20738
20.01.2023	21085
21.01.2023	22653
22.01.2023	22853
23.01.2023	22727
24.01.2023	22983
25.01.2023	22661
26.01.2023	23118
27.01.2023	23033
28.01.2023	23082
29.01.2023	23027
30.01.2023	23763
31.01.2023	22843
01.02.2023	23066
02.02.2023	23768
03.02.2023	23570
04.02.2023	23391
05.02.2023	23340
06.02.2023	22981
07.02.2023	22836
08.02.2023	23267
09.02.2023	22964
10.02.2023	21832
11.02.2023	21643
12.02.2023	21867
13.02.2023	21815
14.02.2023	21804
15.02.2023	22216
16.02.2023	24328
17.02.2023	23590
18.02.2023	24632
19.02.2023	24641
20.02.2023	24284
21.02.2023	24792
22.02.2023	24422
23.02.2023	24148
24.02.2023	23959
25.02.2023	23224
26.02.2023	23145
27.02.2023	23525
28.02.2023	23514
01.03.2023	23204
02.03.2023	23624
03.03.2023	23469
04.03.2023	22352
05.03.2023	22370
06.03.2023	22435
07.03.2023	22414
08.03.2023	22218
09.03.2023	21722
10.03.2023	20377
11.03.2023	20174
12.03.2023	20513
13.03.2023	22184
14.03.2023	24202
15.03.2023	24712
16.03.2023	24421
17.03.2023	25036
18.03.2023	27534
19.03.2023	27155
20.03.2023	28225
21.03.2023	27984
22.03.2023	28257
23.03.2023	27422
24.03.2023	28454
25.03.2023	27644
26.03.2023	27657
27.03.2023	28005
28.03.2023	27118
29.03.2023	27290
30.03.2023	28402
31.03.2023	28032
01.04.2023	28512
02.04.2023	28535
03.04.2023	28192
04.04.2023	27825
05.04.2023	28186
06.04.2023	28102
07.04.2023	28056
08.04.2023	27932
09.04.2023	27955
10.04.2023	28351
11.04.2023	29673
12.04.2023	30261
13.04.2023	29985
14.04.2023	30428
15.04.2023	30469
16.04.2023	30316
17.04.2023	30313
18.04.2023	29458
19.04.2023	30402
20.04.2023	28855
21.04.2023	28268
22.04.2023	27281
23.04.2023	27831
24.04.2023	27593
25.04.2023	27510
26.04.2023	28385
27.04.2023	28453
28.04.2023	29487
29.04.2023	29355
30.04.2023	29267
01.05.2023	29289
02.05.2023	28015
03.05.2023	28676
04.05.2023	29005
05.05.2023	28855
06.05.2023	29524
07.05.2023	28858
08.05.2023	28474
09.05.2023	27678
10.05.2023	27769
11.05.2023	27619
12.05.2023	26997
13.05.2023	26797
14.05.2023	26786
15.05.2023	26929
16.05.2023	27190
17.05.2023	27026
18.05.2023	27386
19.05.2023	26872
20.05.2023	26849
21.05.2023	27102
22.05.2023	26754
23.05.2023	26862
24.05.2023	27222
25.05.2023	26350
26.05.2023	26475
27.05.2023	26709
28.05.2023	26848
29.05.2023	28258
30.05.2023	27741
31.05.2023	27691
01.06.2023	27248
02.06.2023	26821
03.06.2023	27224
04.06.2023	27052
05.06.2023	27103
06.06.2023	25745
07.06.2023	27235
08.06.2023	26322
09.06.2023	26512
10.06.2023	26471
11.06.2023	25854
12.06.2023	25919
13.06.2023	25976
14.06.2023	25941
15.06.2023	25112
16.06.2023	25462
17.06.2023	26328
18.06.2023	26509
19.06.2023	26375
20.06.2023	26789
21.06.2023	28351
22.06.2023	30195
23.06.2023	29945
24.06.2023	30712
25.06.2023	30530
26.06.2023	30457
27.06.2023	30271
28.06.2023	30674
29.06.2023	30097
30.06.2023	30463
01.07.2023	30510
02.07.2023	30584
03.07.2023	30614
04.07.2023	31155
05.07.2023	30773
06.07.2023	30471
07.07.2023	29947
08.07.2023	30351
09.07.2023	30298
10.07.2023	30142
11.07.2023	30429
12.07.2023	30621
13.07.2023	30400
14.07.2023	31465
15.07.2023	30317
16.07.2023	30304
17.07.2023	30281
18.07.2023	30144
19.07.2023	29857
20.07.2023	29915
21.07.2023	29797
22.07.2023	29908
23.07.2023	29822
24.07.2023	30080
25.07.2023	29168
26.07.2023	29218
27.07.2023	29349
28.07.2023	29234
29.07.2023	29311
30.07.2023	29343
31.07.2023	29293
01.08.2023	29217
02.08.2023	29729
03.08.2023	29152
04.08.2023	29177
05.08.2023	29081
06.08.2023	29036
07.08.2023	29043
08.08.2023	29167
09.08.2023	29767
10.08.2023	29583
11.08.2023	29423
12.08.2023	29407
13.08.2023	29414
14.08.2023	29279
15.08.2023	29396
16.08.2023	29184
17.08.2023	28705
18.08.2023	26703
19.08.2023	26050
20.08.2023	26095
21.08.2023	26189
22.08.2023	26132
23.08.2023	26032
24.08.2023	26433
25.08.2023	26122
26.08.2023	26045
27.08.2023	25989
28.08.2023	26082
29.08.2023	26089
30.08.2023	27720
31.08.2023	27306
01.09.2023	25937
02.09.2023	25789
03.09.2023	25858
04.09.2023	25943
05.09.2023	25805
06.09.2023	25809
07.09.2023	25749
08.09.2023	26217
09.09.2023	25907
10.09.2023	25880
11.09.2023	25849
12.09.2023	25161
13.09.2023	25832
14.09.2023	26218
15.09.2023	26531
16.09.2023	26632
17.09.2023	26517
18.09.2023	26533
19.09.2023	26754
20.09.2023	27216
21.09.2023	27109
22.09.2023	26591
23.09.2023	26605
24.09.2023	26576
25.09.2023	26231
26.09.2023	26297
27.09.2023	26214
28.09.2023	26353
29.09.2023	27096
30.09.2023	26904
01.10.2023	26984
02.10.2023	27996
03.10.2023	27516
04.10.2023	27425
05.10.2023	27783
06.10.2023	27425
07.10.2023	27946
08.10.2023	27978
09.10.2023	27867
10.10.2023	27585
11.10.2023	27394
12.10.2023	26859
13.10.2023	26745
14.10.2023	26868
15.10.2023	26861
16.10.2023	27188
17.10.2023	28524
18.10.2023	28442
19.10.2023	28331
20.10.2023	28782
21.10.2023	29681
22.10.2023	29920
23.10.2023	29988
24.10.2023	33060
25.10.2023	33936
26.10.2023	34529
27.10.2023	34111
28.10.2023	33909
29.10.2023	34052
30.10.2023	34575
31.10.2023	34504
01.11.2023	34610
02.11.2023	35588
03.11.2023	34937
04.11.2023	34723
05.11.2023	35101
06.11.2023	35038
07.11.2023	34997
08.11.2023	35440
09.11.2023	35645
10.11.2023	36672
11.11.2023	37322
12.11.2023	37128
13.11.2023	37037
14.11.2023	36444
15.11.2023	35550
16.11.2023	37894
17.11.2023	36118
18.11.2023	36606
19.11.2023	36555
20.11.2023	37338
21.11.2023	37531
22.11.2023	35763
23.11.2023	37425
24.11.2023	37302
25.11.2023	37732
26.11.2023	37787
27.11.2023	37466
28.11.2023	37290
29.11.2023	37773
30.11.2023	37864
01.12.2023	37721
02.12.2023	38666
03.12.2023	39475
04.12.2023	39996
05.12.2023	41985
06.12.2023	44102
07.12.2023	43784
08.12.2023	43368
09.12.2023	44153
10.12.2023	43704
11.12.2023	43776
12.12.2023	41238
13.12.2023	41464
14.12.2023	42874
15.12.2023	43012
16.12.2023	42012
17.12.2023	42247
18.12.2023	41380
19.12.2023	42626
20.12.2023	42264
21.12.2023	43548
22.12.2023	43871
23.12.2023	44007
24.12.2023	43730
25.12.2023	43005
26.12.2023	43571
27.12.2023	42502
28.12.2023	43456
29.12.2023	42701
30.12.2023	42080
31.12.2023	42172
01.01.2024	42479
02.01.2024	44646
03.01.2024	45008
04.01.2024	42863
05.01.2024	44252
06.01.2024	44175
07.01.2024	44007
08.01.2024	43905
09.01.2024	47109
10.01.2024	45973
11.01.2024	46662
12.01.2024	46319
13.01.2024	42964
14.01.2024	42807
15.01.2024	42078
16.01.2024	42523
17.01.2024	43115
18.01.2024	42713
19.01.2024	41196
20.01.2024	41624
21.01.2024	41654
22.01.2024	41619
23.01.2024	39519
24.01.2024	39880
25.01.2024	40077
26.01.2024	39885
27.01.2024	41790
28.01.2024	42142
29.01.2024	42025
30.01.2024	43307
31.01.2024	43031
01.02.2024	42583
02.02.2024	43087
03.02.2024	43252
04.02.2024	42928
05.02.2024	42575
06.02.2024	42659
07.02.2024	43107
08.02.2024	44405
09.02.2024	45355
10.02.2024	47209
11.02.2024	47680
12.02.2024	48322
13.02.2024	49955
14.02.2024	49637
15.02.2024	51820
16.02.2024	51990
17.02.2024	52176
18.02.2024	51640
19.02.2024	52174
20.02.2024	51821
21.02.2024	52256
22.02.2024	51862
23.02.2024	51289
24.02.2024	50734
25.02.2024	51584
26.02.2024	51725
27.02.2024	54539
28.02.2024	57072
29.02.2024	62519
01.03.2024	61214
02.03.2024	62264
03.03.2024	62025
04.03.2024	63445
05.03.2024	68310
06.03.2024	63800
07.03.2024	66126
08.03.2024	66943
09.03.2024	68201
10.03.2024	68486
11.03.2024	68972
12.03.2024	72111
13.03.2024	71414
14.03.2024	73050
15.03.2024	71433
16.03.2024	69838
17.03.2024	65561
18.03.2024	68025
19.03.2024	67563
20.03.2024	62226
21.03.2024	67770
22.03.2024	65819
23.03.2024	63640
24.03.2024	64197
25.03.2024	66851
26.03.2024	69895
27.03.2024	69979
28.03.2024	69402
29.03.2024	70714
30.03.2024	69928
31.03.2024	69689
01.04.2024	71303
02.04.2024	69630
03.04.2024	65498
04.04.2024	66070
05.04.2024	68615
06.04.2024	67774
07.04.2024	69012
08.04.2024	69375
09.04.2024	71640
10.04.2024	69112
11.04.2024	70541
12.04.2024	70211
13.04.2024	67081
14.04.2024	63920
15.04.2024	65490
16.04.2024	63468
17.04.2024	63758
18.04.2024	61263
19.04.2024	63118
20.04.2024	63873
21.04.2024	64807
22.04.2024	64919
23.04.2024	66827
24.04.2024	66733
25.04.2024	64300
26.04.2024	64507
27.04.2024	63428
28.04.2024	63431
29.04.2024	63216
30.04.2024	63720
01.05.2024	60570
02.05.2024	58060
03.05.2024	59085
04.05.2024	62889
05.05.2024	63966
06.05.2024	64100
07.05.2024	63159
08.05.2024	62379
09.05.2024	61358
10.05.2024	62986
11.05.2024	60870
12.05.2024	60795
13.05.2024	61511
14.05.2024	62868
15.05.2024	61546
16.05.2024	66394
17.05.2024	65359
18.05.2024	66930
19.05.2024	66940
20.05.2024	66281
21.05.2024	71464
22.05.2024	70106
23.05.2024	69249
24.05.2024	67744
25.05.2024	68543
26.05.2024	69216
27.05.2024	68446
28.05.2024	69286
29.05.2024	68287
30.05.2024	67562
31.05.2024	68363
01.06.2024	67493
02.06.2024	67724
03.06.2024	67700
04.06.2024	68796
05.06.2024	70562
06.06.2024	71125
07.06.2024	70747
08.06.2024	69324
09.06.2024	69295
10.06.2024	69561
11.06.2024	69488
12.06.2024	67334
13.06.2024	68254
14.06.2024	66783
15.06.2024	65969
16.06.2024	66163
17.06.2024	66592
18.06.2024	66398
19.06.2024	64978
20.06.2024	64902
21.06.2024	64902
